{HDFS_CONFIG,"policyName":"prg1-${HDFS_ENV}-HDFS-MR - MKD Settings Summary PJ1-LandMaster-LMI","resourceName":"/project/prg1/prg1${HDFS_ENV}/Warehouse/Secure/dataprogRepository/nscvp87_tcx_setg_pj1_pii_hte,/project/prg1/prg1${HDFS_ENV}/Warehouse/Staging/dataprogRepository/nscvs87_tcx_setg_pj1_st_hte","description":"dataprog Repository MKD Settings Summary PJ1 Access for Pre Job 1 Data Products Role(LandMaster & LMI)","permMapList":[{"groupList":["cvempj1lm"],"permList":["read","execute"]}]}
{HIVE_CONFIG,"policyName":"prg1-${HDFS_ENV}-HIVE-MR - MKD Settings Summary PJ1-LandMaster-LMI","databases":"${DB_NAME}","tables":"NSCVP87_tcx_SETG_PJ1_PII_HTE,NSCVS87_tcx_SETG_PJ1_ST_HTE,NSCVV87A_tcx_SETTINGS_PJ1_GLOBAL_LI_VW","columns":"*","description":"dataprog Repository MKD Settings Summary PJ1 Access for Pre Job 1 Data Products Role(LandMaster & LMI)","permMapList":[{"groupList":["cvempj1lm"],"permList":["select"]}]}
{HIVE_CONFIG,"policyName":"prg1-${HDFS_ENV}-Hive-MR - MKD Settings Summary-PJ1-LI","databases":"${DB_NAME}","tables":"NSCVV87A_tcx_SETTINGS_PJ1_GLOBAL_LI_VW","columns":"*","description":"dataprog Repository MKD Hive Access for Pre-Job 1 Global data Products Role(LI)","permMapList":[{"groupList":["mbpj1li"],"permList":["select"]}]}
