{HDFS_CONFIG,"policyName":"prg1-${HDFS_ENV}-HDFS-MR-LoadLgsDetails-LandMaster","resourceName":"/project/prg1/prg1${HDFS_ENV}/Warehouse/Secure/Common/LgsDetails/ncvdcx8_wil_summ_acid_sec_hte,/project/prg1/prg1${HDFS_ENV}/Warehouse/Staging/Common/LgsDetails/ncvdsx8_wil_summ_st_hte,/project/prg1/prg1${HDFS_ENV}/Warehouse/Secure/Common/LgsDetails/ncvdcx8_wil_summ_acid_sec_hte,/project/prg1/prg1${HDFS_ENV}/Warehouse/Staging/Common/LgsDetails/ncvdsx8_wil_summ_prs_st_hte,/project/prg1/prg1${HDFS_ENV}/Warehouse/Secure/Common/LgsDetails/ncvdcx8_wil_summ_acid_psu_sec_hte,/project/prg1/prg1${HDFS_ENV}/Warehouse/Staging/dataprogRepository/ncvdsx8_wil_summ_psu_st_hte,/project/prg1/prg1${HDFS_ENV}/Warehouse/Secure/Common/LgsDetails/ncvdcx8_wil_summ_acid_psa_sec_hte,/project/prg1/prg1${HDFS_ENV}/Warehouse/Staging/dataprogRepository/ncvdsx8_wil_summ_psa_st_hte","description":"dataprog Repository LoadLgsDetails HDFS Access for Land & Mastering purpose data","permMapList":[{"groupList":["cvwillm"],"permList":["read","execute"]}]}

{HDFS_CONFIG,"policyName":"prg1-${HDFS_ENV}-HDFS-MR-LoadLgsDetails-VHR-Historical-LandMaster","resourceName":"/project/prg1/prg1${HDFS_ENV}/Warehouse/Secure/Common/LgsDetails/ncvdcx8_wil_summ_acid_vhr_hist_sec_hte","description":"dataprog Repository LoadLgsDetails HDFS Access for Land & Mastering purpose data","permMapList":[{"groupList":["cvwilvhlm"],"permList":["read","execute"]}]}

{HIVE_CONFIG,"policyName":"prg1-${HDFS_ENV}-HIVE-MR-LoadLgsDetails-Region-NA-Country-USA-LMI","databases":"${DB_NAME}","tables":"NCVDVCP_WIL_SUMM_ACID_SEC_NA_USA_LMI_VW,NCVDVX8A_WIL_SUMMARY_PSA_NA_USA_LMI_VW","columns":"*","description":"dataprogRepository LoadLgsDetails HIVE Access for LMI","permMapList":[{"groupList":["cvwillmi"],"permList":["select"]}]}

{HIVE_CONFIG,"policyName":"prg1-${HDFS_ENV}-HIVE-MR-LoadLgsDetails-LandMaster","databases":"${DB_NAME}","tables":"NCVDCX8_WIL_SUMM_ACID_SEC_HTE,NCVDSX8_WIL_SUMM_ST_HTE,NCVDVCP_WIL_SUMM_ACID_SEC_NA_USA_LMI_VW,NCVDVX8A_WIL_SUMMARY_AP_*_LMI_VW,NCVDVX8A_WIL_SUMMARY_SA_*_LMI_VW,NCVDVX8A_WIL_SUMMARY_EU_*_LMI_VW,NCVDVX8A_WIL_SUMMARY_NA_*_LMI_VW,NCVDVX8A_WIL_SUMMARY_PSA_NA_USA_LMI_VW,NCVDVX8A_WIL_SUMMARY_PSU_NA_USA_LMI_VW,NCVDCX8_WIL_SUMM_PRS_ACID_SEC_HTE,NCVDSX8_WIL_SUMM_PRS_ST_HTE,NCVDSX8_WIL_SUMM_PSA_ST_HTE,NCVDCX8_WIL_SUMM_ACID_PSA_SEC_HTE,NCVDSX8_WIL_SUMM_PSU_ST_HTE,NCVDCX8_WIL_SUMM_ACID_PSU_SEC_HTE","columns":"*","description":"dataprog Repository LoadLgsDetails Hive Access for Land & Mastering purpose data","permMapList":[{"groupList":["cvwillm"],"permList":["select"]}]}
{HIVE_CONFIG,"policyName":"prg1-${HDFS_ENV}-HIVE-MR-LoadLgsDetails-VHR-Historical-LandMaster","databases":"${DB_NAME}","tables":"NCVDCX8_WIL_SUMM_ACID_VHR_HIST_SEC_HTE,NCVDVCQ_WIL_SUMM_ACID_VHR_HIST_LMI_VW","columns":"*","description":"dataprogRepository LoadLgsDetails-VHR-Historical HIVE Access for LMI","permMapList":[{"groupList":["cvwilvhlm"],"permList":["select"]}]}
{HIVE_CONFIG,"policyName":"prg1-${HDFS_ENV}-HIVE-MR-LoadLgsDetails-VHR-Historical-LMI","databases":"${DB_NAME}","tables":"NCVDVCQ_WIL_SUMM_ACID_VHR_HIST_LMI_VW","columns":"*","description":"dataprogRepository LoadLgsDetails-VHR-HIStory HIVE Access for LMI","permMapList":[{"groupList":["cwilvhlmi"],"permList":["select"]}]}

{HIVE_CONFIG,"policyName":"prg1-${HDFS_ENV}-LgsDetails-Hive-PII-RX","databases":"${DB_NAME}","tables":"NCVDCX8_WIL_SUMM_ACID_VHR_HIST_SEC_HTE,NCVDCX8_WIL_SUMM_ACID_SEC_HTE","columns":"*","description":"prg1 Ranger policy to allow dataprog Repository Embedded transx PII Transformations for ALL Regions to access PII tables","permMapList":[{"groupList":["cvmremallp","cvmremapp","cvmremeup","cvmremmep","cvmremnan","cvmremnap","cvmremsap","cvmremukp","cvmremusp"],"permList":["select"]}]}


{HIVE_CONFIG,"policyName":"prg1-${HDFS_ENV}-HIVE-MR-LoadLgsDetails-Region-AP-Country-AUS-LMI","databases":"${DB_NAME}","tables":"NCVDVX8A_WIL_SUMMARY_AP_AUS_LMI_VW","columns":"*","description":"dataprogRepository LoadLgsDetails HIVE Access for country of AUSTRALIA(MBWILAULMI)","permMapList":[{"groupList":["mbwilaulmi"],"permList":["select"]}]}
{HIVE_CONFIG,"policyName":"prg1-${HDFS_ENV}-HIVE-MR-LoadLgsDetails-Region-EU-Country-AUT-LMI","databases":"${DB_NAME}","tables":"NCVDVX8A_WIL_SUMMARY_EU_AUT_LMI_VW","columns":"*","description":"dataprogRepository LoadLgsDetails HIVE Access for country of AUSTRIA(MBWILATLMI)","permMapList":[{"groupList":["mbwilatlmi"],"permList":["select"]}]}
{HIVE_CONFIG,"policyName":"prg1-${HDFS_ENV}-HIVE-MR-LoadLgsDetails-Region-EU-Country-BEL-LMI","databases":"${DB_NAME}","tables":"NCVDVX8A_WIL_SUMMARY_EU_BEL_LMI_VW","columns":"*","description":"dataprogRepository LoadLgsDetails HIVE Access for country of BELGIUM(MBWILBELMI)","permMapList":[{"groupList":["mbwilbelmi"],"permList":["select"]}]}
{HIVE_CONFIG,"policyName":"prg1-${HDFS_ENV}-HIVE-MR-LoadLgsDetails-Region-EU-Country-BGR-LMI","databases":"${DB_NAME}","tables":"NCVDVX8A_WIL_SUMMARY_EU_BGR_LMI_VW","columns":"*","description":"dataprogRepository LoadLgsDetails HIVE Access for country of BULGARIA(MBWILBGLMI)","permMapList":[{"groupList":["mbwilbglmi"],"permList":["select"]}]}
{HIVE_CONFIG,"policyName":"prg1-${HDFS_ENV}-HIVE-MR-LoadLgsDetails-Region-SA-Country-BRA-LMI","databases":"${DB_NAME}","tables":"NCVDVX8A_WIL_SUMMARY_SA_BRA_LMI_VW","columns":"*","description":"dataprogRepository LoadLgsDetails HIVE Access for country of BRAZIL(MBWILBRLMI)","permMapList":[{"groupList":["mbwilbrlmi"],"permList":["select"]}]}
{HIVE_CONFIG,"policyName":"prg1-${HDFS_ENV}-HIVE-MR-LoadLgsDetails-Region-NA-Country-CAN-LMI","databases":"${DB_NAME}","tables":"NCVDVX8A_WIL_SUMMARY_NA_CAN_LMI_VW","columns":"*","description":"dataprogRepository LoadLgsDetails HIVE Access for country of CANADA(MBWILCALMI)","permMapList":[{"groupList":["mbwilcalmi"],"permList":["select"]}]}
{HIVE_CONFIG,"policyName":"prg1-${HDFS_ENV}-HIVE-MR-LoadLgsDetails-Region-EU-Country-CHE-LMI","databases":"${DB_NAME}","tables":"NCVDVX8A_WIL_SUMMARY_EU_CHE_LMI_VW","columns":"*","description":"dataprogRepository LoadLgsDetails HIVE Access for country of SWITZERLAND(MBWILCHLMI)","permMapList":[{"groupList":["mbwilchlmi"],"permList":["select"]}]}
{HIVE_CONFIG,"policyName":"prg1-${HDFS_ENV}-HIVE-MR-LoadLgsDetails-Region-AP-Country-CHN-LMI","databases":"${DB_NAME}","tables":"NCVDVX8A_WIL_SUMMARY_AP_CHN_LMI_VW","columns":"*","description":"dataprogRepository LoadLgsDetails HIVE Access for country of CHINA(MBWILCNLMI)","permMapList":[{"groupList":["mbwilcnlmi"],"permList":["select"]}]}
{HIVE_CONFIG,"policyName":"prg1-${HDFS_ENV}-HIVE-MR-LoadLgsDetails-Region-EU-Country-CYP-LMI","databases":"${DB_NAME}","tables":"NCVDVX8A_WIL_SUMMARY_EU_CYP_LMI_VW","columns":"*","description":"dataprogRepository LoadLgsDetails HIVE Access for country of CYPRUS(MBWILCYLMI)","permMapList":[{"groupList":["mbwilcylmi"],"permList":["select"]}]}
{HIVE_CONFIG,"policyName":"prg1-${HDFS_ENV}-HIVE-MR-LoadLgsDetails-Region-EU-Country-CZE-LMI","databases":"${DB_NAME}","tables":"NCVDVX8A_WIL_SUMMARY_EU_CZE_LMI_VW","columns":"*","description":"dataprogRepository LoadLgsDetails HIVE Access for country of CZECHIA(MBWILCZLMI)","permMapList":[{"groupList":["mbwilczlmi"],"permList":["select"]}]}
{HIVE_CONFIG,"policyName":"prg1-${HDFS_ENV}-HIVE-MR-LoadLgsDetails-Region-EU-Country-DEU-LMI","databases":"${DB_NAME}","tables":"NCVDVX8A_WIL_SUMMARY_EU_DEU_LMI_VW","columns":"*","description":"dataprogRepository LoadLgsDetails HIVE Access for country of GERMANY(MBWILDELMI)","permMapList":[{"groupList":["mbwildelmi"],"permList":["select"]}]}
{HIVE_CONFIG,"policyName":"prg1-${HDFS_ENV}-HIVE-MR-LoadLgsDetails-Region-EU-Country-DNK-LMI","databases":"${DB_NAME}","tables":"NCVDVX8A_WIL_SUMMARY_EU_DNK_LMI_VW","columns":"*","description":"dataprogRepository LoadLgsDetails HIVE Access for country of DENMARK(MBWILDKLMI)","permMapList":[{"groupList":["mbwildklmi"],"permList":["select"]}]}
{HIVE_CONFIG,"policyName":"prg1-${HDFS_ENV}-HIVE-MR-LoadLgsDetails-Region-EU-Country-ESP-LMI","databases":"${DB_NAME}","tables":"NCVDVX8A_WIL_SUMMARY_EU_ESP_LMI_VW","columns":"*","description":"dataprogRepository LoadLgsDetails HIVE Access for country of SPAIN(MBWILESLMI)","permMapList":[{"groupList":["mbwileslmi"],"permList":["select"]}]}
{HIVE_CONFIG,"policyName":"prg1-${HDFS_ENV}-HIVE-MR-LoadLgsDetails-Region-EU-Country-EST-LMI","databases":"${DB_NAME}","tables":"NCVDVX8A_WIL_SUMMARY_EU_EST_LMI_VW","columns":"*","description":"dataprogRepository LoadLgsDetails HIVE Access for country of ESTONIA(MBWILEELMI)","permMapList":[{"groupList":["mbwileelmi"],"permList":["select"]}]}
{HIVE_CONFIG,"policyName":"prg1-${HDFS_ENV}-HIVE-MR-LoadLgsDetails-Region-EU-Country-FIN-LMI","databases":"${DB_NAME}","tables":"NCVDVX8A_WIL_SUMMARY_EU_FIN_LMI_VW","columns":"*","description":"dataprogRepository LoadLgsDetails HIVE Access for country of FINLAND(MBWILFILMI)","permMapList":[{"groupList":["mbwilfilmi"],"permList":["select"]}]}
{HIVE_CONFIG,"policyName":"prg1-${HDFS_ENV}-HIVE-MR-LoadLgsDetails-Region-EU-Country-FRA-LMI","databases":"${DB_NAME}","tables":"NCVDVX8A_WIL_SUMMARY_EU_FRA_LMI_VW","columns":"*","description":"dataprogRepository LoadLgsDetails HIVE Access for country of FRANCE(MBWILFRLMI)","permMapList":[{"groupList":["mbwilfrlmi"],"permList":["select"]}]}
{HIVE_CONFIG,"policyName":"prg1-${HDFS_ENV}-HIVE-MR-LoadLgsDetails-Region-EU-Country-GBR-LMI","databases":"${DB_NAME}","tables":"NCVDVX8A_WIL_SUMMARY_EU_GBR_LMI_VW","columns":"*","description":"dataprogRepository LoadLgsDetails HIVE Access for country of UNITED KINGDOM(MBWILGBLMI)","permMapList":[{"groupList":["mbwilgblmi"],"permList":["select"]}]}
{HIVE_CONFIG,"policyName":"prg1-${HDFS_ENV}-HIVE-MR-LoadLgsDetails-Region-EU-Country-GRC-LMI","databases":"${DB_NAME}","tables":"NCVDVX8A_WIL_SUMMARY_EU_GRC_LMI_VW","columns":"*","description":"dataprogRepository LoadLgsDetails HIVE Access for country of GREECE(MBWILGRLMI)","permMapList":[{"groupList":["mbwilgrlmi"],"permList":["select"]}]}
{HIVE_CONFIG,"policyName":"prg1-${HDFS_ENV}-HIVE-MR-LoadLgsDetails-Region-EU-Country-HRV-LMI","databases":"${DB_NAME}","tables":"NCVDVX8A_WIL_SUMMARY_EU_HRV_LMI_VW","columns":"*","description":"dataprogRepository LoadLgsDetails HIVE Access for country of CROATIA(MBWILHRLMI)","permMapList":[{"groupList":["mbwilhrlmi"],"permList":["select"]}]}
{HIVE_CONFIG,"policyName":"prg1-${HDFS_ENV}-HIVE-MR-LoadLgsDetails-Region-EU-Country-HUN-LMI","databases":"${DB_NAME}","tables":"NCVDVX8A_WIL_SUMMARY_EU_HUN_LMI_VW","columns":"*","description":"dataprogRepository LoadLgsDetails HIVE Access for country of HUNGARY(MBWILHULMI)","permMapList":[{"groupList":["mbwilhulmi"],"permList":["select"]}]}
{HIVE_CONFIG,"policyName":"prg1-${HDFS_ENV}-HIVE-MR-LoadLgsDetails-Region-EU-Country-IRL-LMI","databases":"${DB_NAME}","tables":"NCVDVX8A_WIL_SUMMARY_EU_IRL_LMI_VW","columns":"*","description":"dataprogRepository LoadLgsDetails HIVE Access for country of IRELAND(MBWILIELMI)","permMapList":[{"groupList":["mbwilielmi"],"permList":["select"]}]}
{HIVE_CONFIG,"policyName":"prg1-${HDFS_ENV}-HIVE-MR-LoadLgsDetails-Region-EU-Country-ISL-LMI","databases":"${DB_NAME}","tables":"NCVDVX8A_WIL_SUMMARY_EU_ISL_LMI_VW","columns":"*","description":"dataprogRepository LoadLgsDetails HIVE Access for country of ICELAND(MBWILISLMI)","permMapList":[{"groupList":["mbwilislmi"],"permList":["select"]}]}
{HIVE_CONFIG,"policyName":"prg1-${HDFS_ENV}-HIVE-MR-LoadLgsDetails-Region-EU-Country-ITA-LMI","databases":"${DB_NAME}","tables":"NCVDVX8A_WIL_SUMMARY_EU_ITA_LMI_VW","columns":"*","description":"dataprogRepository LoadLgsDetails HIVE Access for country of ITALY(MBWILITLMI)","permMapList":[{"groupList":["mbwilitlmi"],"permList":["select"]}]}
{HIVE_CONFIG,"policyName":"prg1-${HDFS_ENV}-HIVE-MR-LoadLgsDetails-Region-EU-Country-LIE-LMI","databases":"${DB_NAME}","tables":"NCVDVX8A_WIL_SUMMARY_EU_LIE_LMI_VW","columns":"*","description":"dataprogRepository LoadLgsDetails HIVE Access for country of LIECHTENSTEIN(MBWILLILMI)","permMapList":[{"groupList":["mbwillilmi"],"permList":["select"]}]}
{HIVE_CONFIG,"policyName":"prg1-${HDFS_ENV}-HIVE-MR-LoadLgsDetails-Region-EU-Country-LTU-LMI","databases":"${DB_NAME}","tables":"NCVDVX8A_WIL_SUMMARY_EU_LTU_LMI_VW","columns":"*","description":"dataprogRepository LoadLgsDetails HIVE Access for country of LITHUANIA(MBWILLTLMI)","permMapList":[{"groupList":["mbwilltlmi"],"permList":["select"]}]}
{HIVE_CONFIG,"policyName":"prg1-${HDFS_ENV}-HIVE-MR-LoadLgsDetails-Region-EU-Country-LUX-LMI","databases":"${DB_NAME}","tables":"NCVDVX8A_WIL_SUMMARY_EU_LUX_LMI_VW","columns":"*","description":"dataprogRepository LoadLgsDetails HIVE Access for country of LUXEMBOURG(MBWILLULMI)","permMapList":[{"groupList":["mbwillulmi"],"permList":["select"]}]}
{HIVE_CONFIG,"policyName":"prg1-${HDFS_ENV}-HIVE-MR-LoadLgsDetails-Region-EU-Country-LVA-LMI","databases":"${DB_NAME}","tables":"NCVDVX8A_WIL_SUMMARY_EU_LVA_LMI_VW","columns":"*","description":"dataprogRepository LoadLgsDetails HIVE Access for country of LATVIA(MBWILLVLMI)","permMapList":[{"groupList":["mbwillvlmi"],"permList":["select"]}]}
{HIVE_CONFIG,"policyName":"prg1-${HDFS_ENV}-HIVE-MR-LoadLgsDetails-Region-NA-Country-MEX-LMI","databases":"${DB_NAME}","tables":"NCVDVX8A_WIL_SUMMARY_NA_MEX_LMI_VW","columns":"*","description":"dataprogRepository LoadLgsDetails HIVE Access for country of MEXICO(MBWILMXLMI)","permMapList":[{"groupList":["mbwilmxlmi"],"permList":["select"]}]}
{HIVE_CONFIG,"policyName":"prg1-${HDFS_ENV}-HIVE-MR-LoadLgsDetails-Region-EU-Country-MLT-LMI","databases":"${DB_NAME}","tables":"NCVDVX8A_WIL_SUMMARY_EU_MLT_LMI_VW","columns":"*","description":"dataprogRepository LoadLgsDetails HIVE Access for country of MALTA(MBWILMTLMI)","permMapList":[{"groupList":["mbwilmtlmi"],"permList":["select"]}]}
{HIVE_CONFIG,"policyName":"prg1-${HDFS_ENV}-HIVE-MR-LoadLgsDetails-Region-EU-Country-NLD-LMI","databases":"${DB_NAME}","tables":"NCVDVX8A_WIL_SUMMARY_EU_NLD_LMI_VW","columns":"*","description":"dataprogRepository LoadLgsDetails HIVE Access for country of NETHERLANDS(MBWILNLLMI)","permMapList":[{"groupList":["mbwilnllmi"],"permList":["select"]}]}
{HIVE_CONFIG,"policyName":"prg1-${HDFS_ENV}-HIVE-MR-LoadLgsDetails-Region-EU-Country-NOR-LMI","databases":"${DB_NAME}","tables":"NCVDVX8A_WIL_SUMMARY_EU_NOR_LMI_VW","columns":"*","description":"dataprogRepository LoadLgsDetails HIVE Access for country of NORWAY(MBWILNOLMI)","permMapList":[{"groupList":["mbwilnolmi"],"permList":["select"]}]}
{HIVE_CONFIG,"policyName":"prg1-${HDFS_ENV}-HIVE-MR-LoadLgsDetails-Region-EU-Country-POL-LMI","databases":"${DB_NAME}","tables":"NCVDVX8A_WIL_SUMMARY_EU_POL_LMI_VW","columns":"*","description":"dataprogRepository LoadLgsDetails HIVE Access for country of POLAND(MBWILPLLMI)","permMapList":[{"groupList":["mbwilpllmi"],"permList":["select"]}]}
{HIVE_CONFIG,"policyName":"prg1-${HDFS_ENV}-HIVE-MR-LoadLgsDetails-Region-EU-Country-PRT-LMI","databases":"${DB_NAME}","tables":"NCVDVX8A_WIL_SUMMARY_EU_PRT_LMI_VW","columns":"*","description":"dataprogRepository LoadLgsDetails HIVE Access for country of PORTUGAL(MBWILPTLMI)","permMapList":[{"groupList":["mbwilptlmi"],"permList":["select"]}]}
{HIVE_CONFIG,"policyName":"prg1-${HDFS_ENV}-HIVE-MR-LoadLgsDetails-Region-EU-Country-ROU-LMI","databases":"${DB_NAME}","tables":"NCVDVX8A_WIL_SUMMARY_EU_ROU_LMI_VW","columns":"*","description":"dataprogRepository LoadLgsDetails HIVE Access for country of ROMANIA(MBWILROLMI)","permMapList":[{"groupList":["mbwilrolmi"],"permList":["select"]}]}
{HIVE_CONFIG,"policyName":"prg1-${HDFS_ENV}-HIVE-MR-LoadLgsDetails-Region-EU-Country-SVK-LMI","databases":"${DB_NAME}","tables":"NCVDVX8A_WIL_SUMMARY_EU_SVK_LMI_VW","columns":"*","description":"dataprogRepository LoadLgsDetails HIVE Access for country of SLOVAKIA(MBWILSKLMI)","permMapList":[{"groupList":["mbwilsklmi"],"permList":["select"]}]}
{HIVE_CONFIG,"policyName":"prg1-${HDFS_ENV}-HIVE-MR-LoadLgsDetails-Region-EU-Country-SVN-LMI","databases":"${DB_NAME}","tables":"NCVDVX8A_WIL_SUMMARY_EU_SVN_LMI_VW","columns":"*","description":"dataprogRepository LoadLgsDetails HIVE Access for country of SLOVENIA(MBWILSILMI)","permMapList":[{"groupList":["mbwilsilmi"],"permList":["select"]}]}
{HIVE_CONFIG,"policyName":"prg1-${HDFS_ENV}-HIVE-MR-LoadLgsDetails-Region-EU-Country-SWE-LMI","databases":"${DB_NAME}","tables":"NCVDVX8A_WIL_SUMMARY_EU_SWE_LMI_VW","columns":"*","description":"dataprogRepository LoadLgsDetails HIVE Access for country of SWEDEN(MBWILSELMI)","permMapList":[{"groupList":["mbwilselmi"],"permList":["select"]}]}

