{HIVE_CONFIG,"policyName":"prg1-${HDFS_ENV}-dataprogRepository-J9D-Hive-LandMaster","databases":"${DB_NAME}","tables":"NCVDCUM_PACE_CMD_NAME_RSPNS_SEC_HTE,NCVDSUM_PACE_CMD_NAME_RSPNS_ST_HTE,NCVDVCW_PACE_CMD_NAME_RSPNS_SEC_NA_USA_LMI_VW,NCVDVUMN_CMD_RSPNS_*_*_*_VW","columns":"*","description":"dataprogRepository J9D Hive Land and Mastering Access","permMapList":[{"groupList":["cvpcvlm"],"permList":["select"]}]}
{HIVE_CONFIG,"policyName":"prg1-${HDFS_ENV}-dataprogRepository-J9D-HIVE-LMI-VW","databases":"${DB_NAME}","tables":"NCVDVCW_PACE_CMD_NAME_RSPNS_SEC_NA_USA_LMI_VW","columns":"*","description":"prg1 Ranger policy to allow LMI group CVPCVUSLMI to access J9D LMI NA USA views","permMapList":[{"groupList":["cvpcvuslmi"],"permList":["select"]}]}

{HDFS_CONFIG,"policyName":"prg1-${HDFS_ENV}-dataprogRepository-J9D-HDFS-LandMaster","resourceName":"/project/prg1/prg1${HDFS_ENV}/Warehouse/Secure/PaceTransformation/ncvdcum_pace_cmd_name_rspns_sec_hte,/project/prg1/prg1${HDFS_ENV}/Warehouse/Staging/dataprogRepository/ncvdsum_pace_cmd_name_rspns_st_hte","description":"dataprogRepository J9D HDFS Land and Mastering Access","permMapList":[{"groupList":["cvpcvlm"],"permList":["read","execute"]}]}

--J9D Global Policy - will not align with view automation as Data Ops requested for different name

{HIVE_CONFIG,"policyName":"prg1-${HDFS_ENV}-dataprogRepository-J9D-Hive-Global-LI","databases":"${DB_NAME}","tables":"NCVDCUM_PACE_CMD_NAME_RSPNS_GL_LI_VW","columns":"*","description":"Pace command and response J9D ","permMapList":[{"groupList":["mbcraglli"],"permList":["select"]}]}


--SPN--
{HIVE_CONFIG,"policyName":"prg1-${HDFS_ENV}-dataprogRepository-SPN-Hive-Region-NA-Country-USA-LMI","databases":"${DB_NAME}","tables":"ncvdvea_pace_tcu_strat_part_no_na_usa_lmi_vw","columns":"*","description":"TCU-Strategy Part Number Association History LMI risk Data for country of UNITED STATES(CVSPNUSLMI)","permMapList":[{"groupList":["cvspnuslmi"],"permList":["select"]}]}
{HDFS_CONFIG,"policyName":"prg1-${HDFS_ENV}-dataprogRepository-SPN-HDFS-LandMaster","resourceName":"/project/prg1/prg1${HDFS_ENV}/Warehouse/Secure/PaceTransformation/ncvdcul_pace_tcu_strat_part_no_sec_hte,/project/prg1/prg1${HDFS_ENV}/Warehouse/Staging/dataprogRepository/ncvdsul_pace_tcu_strat_part_no_st_hte,/project/prg1/prg1${HDFS_ENV}/Warehouse/Secure/PaceTransformation/ncvdcul_pace_tcu_strat_part_no_sec_hte_temp,/project/prg1/prg1${HDFS_ENV}/Warehouse/Secure/dataprogRepository/ncvdcul_pace_strat_part_no_sec_hte,/project/prg1/prg1${HDFS_ENV}/Warehouse/Staging/dataprogRepository/ncvdsul_pace_tcuecgsync_strat_part_no_st_hte","description":"TCU and TCU-ECG-SYNC Strategy Part Number Association History all Data for Land and Mastering Purpose(CVSPNLM)","permMapList":[{"groupList":["cvspnlm"],"permList":["read","execute"]}]}
{HIVE_CONFIG,"policyName":"prg1-${HDFS_ENV}-dataprogRepository-SPN-Hive-LandMaster","databases":"${DB_NAME}","tables":"ncvdcul_pace_tcu_strat_part_no_sec_hte_temp1,ncvdcul_pace_tcu_strat_part_no_sec_hte_temp,ncvdcup_fcproc_strat_part_num_fix_sec_hte,ncvdcul_pace_tcu_strat_part_no_sec_hte,ncvdsul_pace_tcu_strat_part_no_st_hte,ncvdvea_pace_tcu_strat_part_no_na_usa_lmi_vw,ncvdcul_pace_strat_part_no_sec_hte,ncvdsul_pace_tcuecgsync_strat_part_no_st_hte,ncvdvea_pace_strat_part_no_na_usa_lmi_vw,ncvdvuln_strat_part_no_*_*_*_vw","columns":"*","description":"TCU and TCU-ECG-SYNC Strategy Part Number Association History all Data for Land and Mastering Purpose(CVSPNLM)","permMapList":[{"groupList":["cvspnlm"],"permList":["select"]}]}

--SPN Global Policy will not align with view automation as Data Ops requested for different name --
{HIVE_CONFIG,"policyName":"prg1-${HDFS_ENV}-dataprogRepository-SPN-Hive-Global-LI","databases":"${DB_NAME}","tables":"NCVDVULN_PACE_TCU_STRAT_PART_NO_GL_LI_VW,NCVDVULN_PACE_STRAT_PART_NO_GL_LI_VW,NCVDVULN_STRAT_PART_NO_GLOBAL_LI_VW","columns":"*","description":"TCU and TCU-ECG-SYNC Strategy Part Number","permMapList":[{"groupList":["mbspnglli"],"permList":["select"]}]}


--J9D LI--
{HIVE_CONFIG,"policyName":"prg1-${HDFS_ENV}-dataprogRepository-J9D-Hive-Region-AP-Country-AUS-LI","databases":"${DB_NAME}","tables":"ncvdvumn_cmd_rspns_ap_aus_li_vw","columns":"*","description":"TCU Command and Command Response Agreegation LI risk Data for country of AUSTRALIA(MBCRAAULI)","permMapList":[{"groupList":["mbcraauli"],"permList":["select"]}]}
{HIVE_CONFIG,"policyName":"prg1-${HDFS_ENV}-dataprogRepository-J9D-Hive-Region-EU-Country-AUT-LI","databases":"${DB_NAME}","tables":"ncvdvumn_cmd_rspns_eu_aut_li_vw","columns":"*","description":"TCU Command and Command Response Agreegation LI risk Data for country of AUSTRIA(MBCRAATLI)","permMapList":[{"groupList":["mbcraatli"],"permList":["select"]}]}
{HIVE_CONFIG,"policyName":"prg1-${HDFS_ENV}-dataprogRepository-J9D-Hive-Region-EU-Country-BEL-LI","databases":"${DB_NAME}","tables":"ncvdvumn_cmd_rspns_eu_bel_li_vw","columns":"*","description":"TCU Command and Command Response Agreegation LI risk Data for country of BELGIUM(MBCRABELI)","permMapList":[{"groupList":["mbcrabeli"],"permList":["select"]}]}
{HIVE_CONFIG,"policyName":"prg1-${HDFS_ENV}-dataprogRepository-J9D-Hive-Region-EU-Country-BGR-LI","databases":"${DB_NAME}","tables":"ncvdvumn_cmd_rspns_eu_bgr_li_vw","columns":"*","description":"TCU Command and Command Response Agreegation LI risk Data for country of BULGARIA(MBCRABGLI)","permMapList":[{"groupList":["mbcrabgli"],"permList":["select"]}]}
{HIVE_CONFIG,"policyName":"prg1-${HDFS_ENV}-dataprogRepository-J9D-Hive-Region-SA-Country-BRA-LI","databases":"${DB_NAME}","tables":"ncvdvumn_cmd_rspns_sa_bra_li_vw","columns":"*","description":"TCU Command and Command Response Agreegation LI risk Data for country of BRAZIL(MBCRABRLI)","permMapList":[{"groupList":["mbcrabrli"],"permList":["select"]}]}
{HIVE_CONFIG,"policyName":"prg1-${HDFS_ENV}-dataprogRepository-J9D-Hive-Region-NA-Country-CAN-LI","databases":"${DB_NAME}","tables":"ncvdvumn_cmd_rspns_na_can_li_vw","columns":"*","description":"TCU Command and Command Response Agreegation LI risk Data for country of CANADA(MBCRACALI)","permMapList":[{"groupList":["mbcracali"],"permList":["select"]}]}
{HIVE_CONFIG,"policyName":"prg1-${HDFS_ENV}-dataprogRepository-J9D-Hive-Region-EU-Country-CHE-LI","databases":"${DB_NAME}","tables":"ncvdvumn_cmd_rspns_eu_che_li_vw","columns":"*","description":"TCU Command and Command Response Agreegation LI risk Data for country of SWITZERLAND(MBCRACHLI)","permMapList":[{"groupList":["mbcrachli"],"permList":["select"]}]}
{HIVE_CONFIG,"policyName":"prg1-${HDFS_ENV}-dataprogRepository-J9D-Hive-Region-AP-Country-CHN-LI","databases":"${DB_NAME}","tables":"ncvdvumn_cmd_rspns_ap_chn_li_vw","columns":"*","description":"TCU Command and Command Response Agreegation LI risk Data for country of CHINA(MBCRACNLI)","permMapList":[{"groupList":["mbcracnli"],"permList":["select"]}]}
{HIVE_CONFIG,"policyName":"prg1-${HDFS_ENV}-dataprogRepository-J9D-Hive-Region-EU-Country-CYP-LI","databases":"${DB_NAME}","tables":"ncvdvumn_cmd_rspns_eu_cyp_li_vw","columns":"*","description":"TCU Command and Command Response Agreegation LI risk Data for country of CYPRUS(MBCRACYLI)","permMapList":[{"groupList":["mbcracyli"],"permList":["select"]}]}
{HIVE_CONFIG,"policyName":"prg1-${HDFS_ENV}-dataprogRepository-J9D-Hive-Region-EU-Country-CZE-LI","databases":"${DB_NAME}","tables":"ncvdvumn_cmd_rspns_eu_cze_li_vw","columns":"*","description":"TCU Command and Command Response Agreegation LI risk Data for country of CZECHIA(MBCRACZLI)","permMapList":[{"groupList":["mbcraczli"],"permList":["select"]}]}
{HIVE_CONFIG,"policyName":"prg1-${HDFS_ENV}-dataprogRepository-J9D-Hive-Region-EU-Country-DEU-LI","databases":"${DB_NAME}","tables":"ncvdvumn_cmd_rspns_eu_deu_li_vw","columns":"*","description":"TCU Command and Command Response Agreegation LI risk Data for country of GERMANY(MBCRADELI)","permMapList":[{"groupList":["mbcradeli"],"permList":["select"]}]}
{HIVE_CONFIG,"policyName":"prg1-${HDFS_ENV}-dataprogRepository-J9D-Hive-Region-EU-Country-DNK-LI","databases":"${DB_NAME}","tables":"ncvdvumn_cmd_rspns_eu_dnk_li_vw","columns":"*","description":"TCU Command and Command Response Agreegation LI risk Data for country of DENMARK(MBCRADKLI)","permMapList":[{"groupList":["mbcradkli"],"permList":["select"]}]}
{HIVE_CONFIG,"policyName":"prg1-${HDFS_ENV}-dataprogRepository-J9D-Hive-Region-EU-Country-ESP-LI","databases":"${DB_NAME}","tables":"ncvdvumn_cmd_rspns_eu_esp_li_vw","columns":"*","description":"TCU Command and Command Response Agreegation LI risk Data for country of SPAIN(MBCRAESLI)","permMapList":[{"groupList":["mbcraesli"],"permList":["select"]}]}
{HIVE_CONFIG,"policyName":"prg1-${HDFS_ENV}-dataprogRepository-J9D-Hive-Region-EU-Country-EST-LI","databases":"${DB_NAME}","tables":"ncvdvumn_cmd_rspns_eu_est_li_vw","columns":"*","description":"TCU Command and Command Response Agreegation LI risk Data for country of ESTONIA(MBCRAEELI)","permMapList":[{"groupList":["mbcraeeli"],"permList":["select"]}]}
{HIVE_CONFIG,"policyName":"prg1-${HDFS_ENV}-dataprogRepository-J9D-Hive-Region-EU-Country-FIN-LI","databases":"${DB_NAME}","tables":"ncvdvumn_cmd_rspns_eu_fin_li_vw","columns":"*","description":"TCU Command and Command Response Agreegation LI risk Data for country of FINLAND(MBCRAFILI)","permMapList":[{"groupList":["mbcrafili"],"permList":["select"]}]}
{HIVE_CONFIG,"policyName":"prg1-${HDFS_ENV}-dataprogRepository-J9D-Hive-Region-EU-Country-FRA-LI","databases":"${DB_NAME}","tables":"ncvdvumn_cmd_rspns_eu_fra_li_vw","columns":"*","description":"TCU Command and Command Response Agreegation LI risk Data for country of FRANCE(MBCRAFRLI)","permMapList":[{"groupList":["mbcrafrli"],"permList":["select"]}]}
{HIVE_CONFIG,"policyName":"prg1-${HDFS_ENV}-dataprogRepository-J9D-Hive-Region-EU-Country-GBR-LI","databases":"${DB_NAME}","tables":"ncvdvumn_cmd_rspns_eu_gbr_li_vw","columns":"*","description":"TCU Command and Command Response Agreegation LI risk Data for country of UNITED KINGDOM(MBCRAGBLI)","permMapList":[{"groupList":["mbcragbli"],"permList":["select"]}]}
{HIVE_CONFIG,"policyName":"prg1-${HDFS_ENV}-dataprogRepository-J9D-Hive-Region-EU-Country-GRC-LI","databases":"${DB_NAME}","tables":"ncvdvumn_cmd_rspns_eu_grc_li_vw","columns":"*","description":"TCU Command and Command Response Agreegation LI risk Data for country of GREECE(MBCRAGRLI)","permMapList":[{"groupList":["mbcragrli"],"permList":["select"]}]}
{HIVE_CONFIG,"policyName":"prg1-${HDFS_ENV}-dataprogRepository-J9D-Hive-Region-EU-Country-HRV-LI","databases":"${DB_NAME}","tables":"ncvdvumn_cmd_rspns_eu_hrv_li_vw","columns":"*","description":"TCU Command and Command Response Agreegation LI risk Data for country of CROATIA(MBCRAHRLI)","permMapList":[{"groupList":["mbcrahrli"],"permList":["select"]}]}
{HIVE_CONFIG,"policyName":"prg1-${HDFS_ENV}-dataprogRepository-J9D-Hive-Region-EU-Country-HUN-LI","databases":"${DB_NAME}","tables":"ncvdvumn_cmd_rspns_eu_hun_li_vw","columns":"*","description":"TCU Command and Command Response Agreegation LI risk Data for country of HUNGARY(MBCRAHULI)","permMapList":[{"groupList":["mbcrahuli"],"permList":["select"]}]}
{HIVE_CONFIG,"policyName":"prg1-${HDFS_ENV}-dataprogRepository-J9D-Hive-Region-EU-Country-IRL-LI","databases":"${DB_NAME}","tables":"ncvdvumn_cmd_rspns_eu_irl_li_vw","columns":"*","description":"TCU Command and Command Response Agreegation LI risk Data for country of IRELAND(MBCRAIELI)","permMapList":[{"groupList":["mbcraieli"],"permList":["select"]}]}
{HIVE_CONFIG,"policyName":"prg1-${HDFS_ENV}-dataprogRepository-J9D-Hive-Region-EU-Country-ISL-LI","databases":"${DB_NAME}","tables":"ncvdvumn_cmd_rspns_eu_isl_li_vw","columns":"*","description":"TCU Command and Command Response Agreegation LI risk Data for country of ICELAND(MBCRAISLI)","permMapList":[{"groupList":["mbcraisli"],"permList":["select"]}]}
{HIVE_CONFIG,"policyName":"prg1-${HDFS_ENV}-dataprogRepository-J9D-Hive-Region-EU-Country-ITA-LI","databases":"${DB_NAME}","tables":"ncvdvumn_cmd_rspns_eu_ita_li_vw","columns":"*","description":"TCU Command and Command Response Agreegation LI risk Data for country of ITALY(MBCRAITLI)","permMapList":[{"groupList":["mbcraitli"],"permList":["select"]}]}
{HIVE_CONFIG,"policyName":"prg1-${HDFS_ENV}-dataprogRepository-J9D-Hive-Region-EU-Country-LIE-LI","databases":"${DB_NAME}","tables":"ncvdvumn_cmd_rspns_eu_lie_li_vw","columns":"*","description":"TCU Command and Command Response Agreegation LI risk Data for country of LIECHTENSTEIN(MBCRALILI)","permMapList":[{"groupList":["mbcralili"],"permList":["select"]}]}
{HIVE_CONFIG,"policyName":"prg1-${HDFS_ENV}-dataprogRepository-J9D-Hive-Region-EU-Country-LTU-LI","databases":"${DB_NAME}","tables":"ncvdvumn_cmd_rspns_eu_ltu_li_vw","columns":"*","description":"TCU Command and Command Response Agreegation LI risk Data for country of LITHUANIA(MBCRALTLI)","permMapList":[{"groupList":["mbcraltli"],"permList":["select"]}]}
{HIVE_CONFIG,"policyName":"prg1-${HDFS_ENV}-dataprogRepository-J9D-Hive-Region-EU-Country-LUX-LI","databases":"${DB_NAME}","tables":"ncvdvumn_cmd_rspns_eu_lux_li_vw","columns":"*","description":"TCU Command and Command Response Agreegation LI risk Data for country of LUXEMBOURG(MBCRALULI)","permMapList":[{"groupList":["mbcraluli"],"permList":["select"]}]}
{HIVE_CONFIG,"policyName":"prg1-${HDFS_ENV}-dataprogRepository-J9D-Hive-Region-EU-Country-LVA-LI","databases":"${DB_NAME}","tables":"ncvdvumn_cmd_rspns_eu_lva_li_vw","columns":"*","description":"TCU Command and Command Response Agreegation LI risk Data for country of LATVIA(MBCRALVLI)","permMapList":[{"groupList":["mbcralvli"],"permList":["select"]}]}
{HIVE_CONFIG,"policyName":"prg1-${HDFS_ENV}-dataprogRepository-J9D-Hive-Region-NA-Country-MEX-LI","databases":"${DB_NAME}","tables":"ncvdvumn_cmd_rspns_na_mex_li_vw","columns":"*","description":"TCU Command and Command Response Agreegation LI risk Data for country of MEXICO(MBCRAMXLI)","permMapList":[{"groupList":["mbcramxli"],"permList":["select"]}]}
{HIVE_CONFIG,"policyName":"prg1-${HDFS_ENV}-dataprogRepository-J9D-Hive-Region-EU-Country-MLT-LI","databases":"${DB_NAME}","tables":"ncvdvumn_cmd_rspns_eu_mlt_li_vw","columns":"*","description":"TCU Command and Command Response Agreegation LI risk Data for country of MALTA(MBCRAMTLI)","permMapList":[{"groupList":["mbcramtli"],"permList":["select"]}]}
{HIVE_CONFIG,"policyName":"prg1-${HDFS_ENV}-dataprogRepository-J9D-Hive-Region-EU-Country-NLD-LI","databases":"${DB_NAME}","tables":"ncvdvumn_cmd_rspns_eu_nld_li_vw","columns":"*","description":"TCU Command and Command Response Agreegation LI risk Data for country of NETHERLANDS(MBCRANLLI)","permMapList":[{"groupList":["mbcranlli"],"permList":["select"]}]}
{HIVE_CONFIG,"policyName":"prg1-${HDFS_ENV}-dataprogRepository-J9D-Hive-Region-EU-Country-NOR-LI","databases":"${DB_NAME}","tables":"ncvdvumn_cmd_rspns_eu_nor_li_vw","columns":"*","description":"TCU Command and Command Response Agreegation LI risk Data for country of NORWAY(MBCRANOLI)","permMapList":[{"groupList":["mbcranoli"],"permList":["select"]}]}
{HIVE_CONFIG,"policyName":"prg1-${HDFS_ENV}-dataprogRepository-J9D-Hive-Region-EU-Country-POL-LI","databases":"${DB_NAME}","tables":"ncvdvumn_cmd_rspns_eu_pol_li_vw","columns":"*","description":"TCU Command and Command Response Agreegation LI risk Data for country of POLAND(MBCRAPLLI)","permMapList":[{"groupList":["mbcraplli"],"permList":["select"]}]}
{HIVE_CONFIG,"policyName":"prg1-${HDFS_ENV}-dataprogRepository-J9D-Hive-Region-EU-Country-PRT-LI","databases":"${DB_NAME}","tables":"ncvdvumn_cmd_rspns_eu_prt_li_vw","columns":"*","description":"TCU Command and Command Response Agreegation LI risk Data for country of PORTUGAL(MBCRAPTLI)","permMapList":[{"groupList":["mbcraptli"],"permList":["select"]}]}
{HIVE_CONFIG,"policyName":"prg1-${HDFS_ENV}-dataprogRepository-J9D-Hive-Region-EU-Country-ROU-LI","databases":"${DB_NAME}","tables":"ncvdvumn_cmd_rspns_eu_rou_li_vw","columns":"*","description":"TCU Command and Command Response Agreegation LI risk Data for country of ROMANIA(MBCRAROLI)","permMapList":[{"groupList":["mbcraroli"],"permList":["select"]}]}
{HIVE_CONFIG,"policyName":"prg1-${HDFS_ENV}-dataprogRepository-J9D-Hive-Region-EU-Country-SVK-LI","databases":"${DB_NAME}","tables":"ncvdvumn_cmd_rspns_eu_svk_li_vw","columns":"*","description":"TCU Command and Command Response Agreegation LI risk Data for country of SLOVAKIA(MBCRASKLI)","permMapList":[{"groupList":["mbcraskli"],"permList":["select"]}]}
{HIVE_CONFIG,"policyName":"prg1-${HDFS_ENV}-dataprogRepository-J9D-Hive-Region-EU-Country-SVN-LI","databases":"${DB_NAME}","tables":"ncvdvumn_cmd_rspns_eu_svn_li_vw","columns":"*","description":"TCU Command and Command Response Agreegation LI risk Data for country of SLOVENIA(MBCRASILI)","permMapList":[{"groupList":["mbcrasili"],"permList":["select"]}]}
{HIVE_CONFIG,"policyName":"prg1-${HDFS_ENV}-dataprogRepository-J9D-Hive-Region-EU-Country-SWE-LI","databases":"${DB_NAME}","tables":"ncvdvumn_cmd_rspns_eu_swe_li_vw","columns":"*","description":"TCU Command and Command Response Agreegation LI risk Data for country of SWEDEN(MBCRASELI)","permMapList":[{"groupList":["mbcraseli"],"permList":["select"]}]}

--SPN LI--
{HIVE_CONFIG,"policyName":"prg1-${HDFS_ENV}-dataprogRepository-SPN-Hive-Region-AP-Country-AUS-LI","databases":"${DB_NAME}","tables":"ncvdvuln_strat_part_no_ap_aus_li_vw","columns":"*","description":"TCU Strategy Part Number Association History LI risk Data for country of AUSTRALIA(MBSPNAULI)","permMapList":[{"groupList":["mbspnauli"],"permList":["select"]}]}
{HIVE_CONFIG,"policyName":"prg1-${HDFS_ENV}-dataprogRepository-SPN-Hive-Region-EU-Country-AUT-LI","databases":"${DB_NAME}","tables":"ncvdvuln_strat_part_no_eu_aut_li_vw","columns":"*","description":"TCU Strategy Part Number Association History LI risk Data for country of AUSTRIA(MBSPNATLI)","permMapList":[{"groupList":["mbspnatli"],"permList":["select"]}]}
{HIVE_CONFIG,"policyName":"prg1-${HDFS_ENV}-dataprogRepository-SPN-Hive-Region-EU-Country-BEL-LI","databases":"${DB_NAME}","tables":"ncvdvuln_strat_part_no_eu_bel_li_vw","columns":"*","description":"TCU Strategy Part Number Association History LI risk Data for country of BELGIUM(MBSPNBELI)","permMapList":[{"groupList":["mbspnbeli"],"permList":["select"]}]}
{HIVE_CONFIG,"policyName":"prg1-${HDFS_ENV}-dataprogRepository-SPN-Hive-Region-EU-Country-BGR-LI","databases":"${DB_NAME}","tables":"ncvdvuln_strat_part_no_eu_bgr_li_vw","columns":"*","description":"TCU Strategy Part Number Association History LI risk Data for country of BULGARIA(MBSPNBGLI)","permMapList":[{"groupList":["mbspnbgli"],"permList":["select"]}]}
{HIVE_CONFIG,"policyName":"prg1-${HDFS_ENV}-dataprogRepository-SPN-Hive-Region-SA-Country-BRA-LI","databases":"${DB_NAME}","tables":"ncvdvuln_strat_part_no_sa_bra_li_vw","columns":"*","description":"TCU Strategy Part Number Association History LI risk Data for country of BRAZIL(MBSPNBRLI)","permMapList":[{"groupList":["mbspnbrli"],"permList":["select"]}]}
{HIVE_CONFIG,"policyName":"prg1-${HDFS_ENV}-dataprogRepository-SPN-Hive-Region-NA-Country-CAN-LI","databases":"${DB_NAME}","tables":"ncvdvuln_strat_part_no_na_can_li_vw","columns":"*","description":"TCU Strategy Part Number Association History LI risk Data for country of CANADA(MBSPNCALI)","permMapList":[{"groupList":["mbspncali"],"permList":["select"]}]}
{HIVE_CONFIG,"policyName":"prg1-${HDFS_ENV}-dataprogRepository-SPN-Hive-Region-EU-Country-CHE-LI","databases":"${DB_NAME}","tables":"ncvdvuln_strat_part_no_eu_che_li_vw","columns":"*","description":"TCU Strategy Part Number Association History LI risk Data for country of SWITZERLAND(MBSPNCHLI)","permMapList":[{"groupList":["mbspnchli"],"permList":["select"]}]}
{HIVE_CONFIG,"policyName":"prg1-${HDFS_ENV}-dataprogRepository-SPN-Hive-Region-AP-Country-CHN-LI","databases":"${DB_NAME}","tables":"ncvdvuln_strat_part_no_ap_chn_li_vw","columns":"*","description":"TCU Strategy Part Number Association History LI risk Data for country of CHINA(MBSPNCNLI)","permMapList":[{"groupList":["mbspncnli"],"permList":["select"]}]}
{HIVE_CONFIG,"policyName":"prg1-${HDFS_ENV}-dataprogRepository-SPN-Hive-Region-EU-Country-CYP-LI","databases":"${DB_NAME}","tables":"ncvdvuln_strat_part_no_eu_cyp_li_vw","columns":"*","description":"TCU Strategy Part Number Association History LI risk Data for country of CYPRUS(MBSPNCYLI)","permMapList":[{"groupList":["mbspncyli"],"permList":["select"]}]}
{HIVE_CONFIG,"policyName":"prg1-${HDFS_ENV}-dataprogRepository-SPN-Hive-Region-EU-Country-CZE-LI","databases":"${DB_NAME}","tables":"ncvdvuln_strat_part_no_eu_cze_li_vw","columns":"*","description":"TCU Strategy Part Number Association History LI risk Data for country of CZECHIA(MBSPNCZLI)","permMapList":[{"groupList":["mbspnczli"],"permList":["select"]}]}
{HIVE_CONFIG,"policyName":"prg1-${HDFS_ENV}-dataprogRepository-SPN-Hive-Region-EU-Country-DEU-LI","databases":"${DB_NAME}","tables":"ncvdvuln_strat_part_no_eu_deu_li_vw","columns":"*","description":"TCU Strategy Part Number Association History LI risk Data for country of GERMANY(MBSPNDELI)","permMapList":[{"groupList":["mbspndeli"],"permList":["select"]}]}
{HIVE_CONFIG,"policyName":"prg1-${HDFS_ENV}-dataprogRepository-SPN-Hive-Region-EU-Country-DNK-LI","databases":"${DB_NAME}","tables":"ncvdvuln_strat_part_no_eu_dnk_li_vw","columns":"*","description":"TCU Strategy Part Number Association History LI risk Data for country of DENMARK(MBSPNDKLI)","permMapList":[{"groupList":["mbspndkli"],"permList":["select"]}]}
{HIVE_CONFIG,"policyName":"prg1-${HDFS_ENV}-dataprogRepository-SPN-Hive-Region-EU-Country-ESP-LI","databases":"${DB_NAME}","tables":"ncvdvuln_strat_part_no_eu_esp_li_vw","columns":"*","description":"TCU Strategy Part Number Association History LI risk Data for country of SPAIN(MBSPNESLI)","permMapList":[{"groupList":["mbspnesli"],"permList":["select"]}]}
{HIVE_CONFIG,"policyName":"prg1-${HDFS_ENV}-dataprogRepository-SPN-Hive-Region-EU-Country-EST-LI","databases":"${DB_NAME}","tables":"ncvdvuln_strat_part_no_eu_est_li_vw","columns":"*","description":"TCU Strategy Part Number Association History LI risk Data for country of ESTONIA(MBSPNEELI)","permMapList":[{"groupList":["mbspneeli"],"permList":["select"]}]}
{HIVE_CONFIG,"policyName":"prg1-${HDFS_ENV}-dataprogRepository-SPN-Hive-Region-EU-Country-FIN-LI","databases":"${DB_NAME}","tables":"ncvdvuln_strat_part_no_eu_fin_li_vw","columns":"*","description":"TCU Strategy Part Number Association History LI risk Data for country of FINLAND(MBSPNFILI)","permMapList":[{"groupList":["mbspnfili"],"permList":["select"]}]}
{HIVE_CONFIG,"policyName":"prg1-${HDFS_ENV}-dataprogRepository-SPN-Hive-Region-EU-Country-FRA-LI","databases":"${DB_NAME}","tables":"ncvdvuln_strat_part_no_eu_fra_li_vw","columns":"*","description":"TCU Strategy Part Number Association History LI risk Data for country of FRANCE(MBSPNFRLI)","permMapList":[{"groupList":["mbspnfrli"],"permList":["select"]}]}
{HIVE_CONFIG,"policyName":"prg1-${HDFS_ENV}-dataprogRepository-SPN-Hive-Region-EU-Country-GBR-LI","databases":"${DB_NAME}","tables":"ncvdvuln_strat_part_no_eu_gbr_li_vw","columns":"*","description":"TCU Strategy Part Number Association History LI risk Data for country of UNITED KINGDOM(MBSPNGBLI)","permMapList":[{"groupList":["mbspngbli"],"permList":["select"]}]}
{HIVE_CONFIG,"policyName":"prg1-${HDFS_ENV}-dataprogRepository-SPN-Hive-Region-EU-Country-GRC-LI","databases":"${DB_NAME}","tables":"ncvdvuln_strat_part_no_eu_grc_li_vw","columns":"*","description":"TCU Strategy Part Number Association History LI risk Data for country of GREECE(MBSPNGRLI)","permMapList":[{"groupList":["mbspngrli"],"permList":["select"]}]}
{HIVE_CONFIG,"policyName":"prg1-${HDFS_ENV}-dataprogRepository-SPN-Hive-Region-EU-Country-HRV-LI","databases":"${DB_NAME}","tables":"ncvdvuln_strat_part_no_eu_hrv_li_vw","columns":"*","description":"TCU Strategy Part Number Association History LI risk Data for country of CROATIA(MBSPNHRLI)","permMapList":[{"groupList":["mbspnhrli"],"permList":["select"]}]}
{HIVE_CONFIG,"policyName":"prg1-${HDFS_ENV}-dataprogRepository-SPN-Hive-Region-EU-Country-HUN-LI","databases":"${DB_NAME}","tables":"ncvdvuln_strat_part_no_eu_hun_li_vw","columns":"*","description":"TCU Strategy Part Number Association History LI risk Data for country of HUNGARY(MBSPNHULI)","permMapList":[{"groupList":["mbspnhuli"],"permList":["select"]}]}
{HIVE_CONFIG,"policyName":"prg1-${HDFS_ENV}-dataprogRepository-SPN-Hive-Region-EU-Country-IRL-LI","databases":"${DB_NAME}","tables":"ncvdvuln_strat_part_no_eu_irl_li_vw","columns":"*","description":"TCU Strategy Part Number Association History LI risk Data for country of IRELAND(MBSPNIELI)","permMapList":[{"groupList":["mbspnieli"],"permList":["select"]}]}
{HIVE_CONFIG,"policyName":"prg1-${HDFS_ENV}-dataprogRepository-SPN-Hive-Region-EU-Country-ISL-LI","databases":"${DB_NAME}","tables":"ncvdvuln_strat_part_no_eu_isl_li_vw","columns":"*","description":"TCU Strategy Part Number Association History LI risk Data for country of ICELAND(MBSPNISLI)","permMapList":[{"groupList":["mbspnisli"],"permList":["select"]}]}
{HIVE_CONFIG,"policyName":"prg1-${HDFS_ENV}-dataprogRepository-SPN-Hive-Region-EU-Country-ITA-LI","databases":"${DB_NAME}","tables":"ncvdvuln_strat_part_no_eu_ita_li_vw","columns":"*","description":"TCU Strategy Part Number Association History LI risk Data for country of ITALY(MBSPNITLI)","permMapList":[{"groupList":["mbspnitli"],"permList":["select"]}]}
{HIVE_CONFIG,"policyName":"prg1-${HDFS_ENV}-dataprogRepository-SPN-Hive-Region-EU-Country-LIE-LI","databases":"${DB_NAME}","tables":"ncvdvuln_strat_part_no_eu_lie_li_vw","columns":"*","description":"TCU Strategy Part Number Association History LI risk Data for country of LIECHTENSTEIN(MBSPNLILI)","permMapList":[{"groupList":["mbspnlili"],"permList":["select"]}]}
{HIVE_CONFIG,"policyName":"prg1-${HDFS_ENV}-dataprogRepository-SPN-Hive-Region-EU-Country-LTU-LI","databases":"${DB_NAME}","tables":"ncvdvuln_strat_part_no_eu_ltu_li_vw","columns":"*","description":"TCU Strategy Part Number Association History LI risk Data for country of LITHUANIA(MBSPNLTLI)","permMapList":[{"groupList":["mbspnltli"],"permList":["select"]}]}
{HIVE_CONFIG,"policyName":"prg1-${HDFS_ENV}-dataprogRepository-SPN-Hive-Region-EU-Country-LUX-LI","databases":"${DB_NAME}","tables":"ncvdvuln_strat_part_no_eu_lux_li_vw","columns":"*","description":"TCU Strategy Part Number Association History LI risk Data for country of LUXEMBOURG(MBSPNLULI)","permMapList":[{"groupList":["mbspnluli"],"permList":["select"]}]}
{HIVE_CONFIG,"policyName":"prg1-${HDFS_ENV}-dataprogRepository-SPN-Hive-Region-EU-Country-LVA-LI","databases":"${DB_NAME}","tables":"ncvdvuln_strat_part_no_eu_lva_li_vw","columns":"*","description":"TCU Strategy Part Number Association History LI risk Data for country of LATVIA(MBSPNLVLI)","permMapList":[{"groupList":["mbspnlvli"],"permList":["select"]}]}
{HIVE_CONFIG,"policyName":"prg1-${HDFS_ENV}-dataprogRepository-SPN-Hive-Region-NA-Country-MEX-LI","databases":"${DB_NAME}","tables":"ncvdvuln_strat_part_no_na_mex_li_vw","columns":"*","description":"TCU Strategy Part Number Association History LI risk Data for country of MEXICO(MBSPNMXLI)","permMapList":[{"groupList":["mbspnmxli"],"permList":["select"]}]}
{HIVE_CONFIG,"policyName":"prg1-${HDFS_ENV}-dataprogRepository-SPN-Hive-Region-EU-Country-MLT-LI","databases":"${DB_NAME}","tables":"ncvdvuln_strat_part_no_eu_mlt_li_vw","columns":"*","description":"TCU Strategy Part Number Association History LI risk Data for country of MALTA(MBSPNMTLI)","permMapList":[{"groupList":["mbspnmtli"],"permList":["select"]}]}
{HIVE_CONFIG,"policyName":"prg1-${HDFS_ENV}-dataprogRepository-SPN-Hive-Region-EU-Country-NLD-LI","databases":"${DB_NAME}","tables":"ncvdvuln_strat_part_no_eu_nld_li_vw","columns":"*","description":"TCU Strategy Part Number Association History LI risk Data for country of NETHERLANDS(MBSPNNLLI)","permMapList":[{"groupList":["mbspnnlli"],"permList":["select"]}]}
{HIVE_CONFIG,"policyName":"prg1-${HDFS_ENV}-dataprogRepository-SPN-Hive-Region-EU-Country-NOR-LI","databases":"${DB_NAME}","tables":"ncvdvuln_strat_part_no_eu_nor_li_vw","columns":"*","description":"TCU Strategy Part Number Association History LI risk Data for country of NORWAY(MBSPNNOLI)","permMapList":[{"groupList":["mbspnnoli"],"permList":["select"]}]}
{HIVE_CONFIG,"policyName":"prg1-${HDFS_ENV}-dataprogRepository-SPN-Hive-Region-EU-Country-POL-LI","databases":"${DB_NAME}","tables":"ncvdvuln_strat_part_no_eu_pol_li_vw","columns":"*","description":"TCU Strategy Part Number Association History LI risk Data for country of POLAND(MBSPNPLLI)","permMapList":[{"groupList":["mbspnplli"],"permList":["select"]}]}
{HIVE_CONFIG,"policyName":"prg1-${HDFS_ENV}-dataprogRepository-SPN-Hive-Region-EU-Country-PRT-LI","databases":"${DB_NAME}","tables":"ncvdvuln_strat_part_no_eu_prt_li_vw","columns":"*","description":"TCU Strategy Part Number Association History LI risk Data for country of PORTUGAL(MBSPNPTLI)","permMapList":[{"groupList":["mbspnptli"],"permList":["select"]}]}
{HIVE_CONFIG,"policyName":"prg1-${HDFS_ENV}-dataprogRepository-SPN-Hive-Region-EU-Country-ROU-LI","databases":"${DB_NAME}","tables":"ncvdvuln_strat_part_no_eu_rou_li_vw","columns":"*","description":"TCU Strategy Part Number Association History LI risk Data for country of ROMANIA(MBSPNROLI)","permMapList":[{"groupList":["mbspnroli"],"permList":["select"]}]}
{HIVE_CONFIG,"policyName":"prg1-${HDFS_ENV}-dataprogRepository-SPN-Hive-Region-EU-Country-SVK-LI","databases":"${DB_NAME}","tables":"ncvdvuln_strat_part_no_eu_svk_li_vw","columns":"*","description":"TCU Strategy Part Number Association History LI risk Data for country of SLOVAKIA(MBSPNSKLI)","permMapList":[{"groupList":["mbspnskli"],"permList":["select"]}]}
{HIVE_CONFIG,"policyName":"prg1-${HDFS_ENV}-dataprogRepository-SPN-Hive-Region-EU-Country-SVN-LI","databases":"${DB_NAME}","tables":"ncvdvuln_strat_part_no_eu_svn_li_vw","columns":"*","description":"TCU Strategy Part Number Association History LI risk Data for country of SLOVENIA(MBSPNSILI)","permMapList":[{"groupList":["mbspnsili"],"permList":["select"]}]}
{HIVE_CONFIG,"policyName":"prg1-${HDFS_ENV}-dataprogRepository-SPN-Hive-Region-EU-Country-SWE-LI","databases":"${DB_NAME}","tables":"ncvdvuln_strat_part_no_eu_swe_li_vw","columns":"*","description":"TCU Strategy Part Number Association History LI risk Data for country of SWEDEN(MBSPNSELI)","permMapList":[{"groupList":["mbspnseli"],"permList":["select"]}]}