{HDFS_CONFIG,"policyName":"prg1-${HDFS_ENV}-HDFS-MR-LoadH2TConsentSummary-LandMaster","resourceName":"/project/prg1/prg1${HDFS_ENV}/Warehouse/Secure/dataprogRepository/nscvp99_H2T_na_usa_summ_pii_hte,/project/prg1/prg1${HDFS_ENV}/Warehouse/Secure/dataprogRepository/nscvp99_H2T_na_non_usa_summ_pii_hte,/project/prg1/prg1${HDFS_ENV}/Warehouse/Secure/dataprogRepository/nscvp99_H2T_eu_gbr_fra_summ_pii_hte,/project/prg1/prg1${HDFS_ENV}/Warehouse/Secure/dataprogRepository/nscvp99_H2T_eu_non_gbr_fra_summ_pii_hte,/project/prg1/prg1${HDFS_ENV}/Warehouse/Secure/dataprogRepository/nscvp99_H2T_ap_summ_pii_hte,/project/prg1/prg1${HDFS_ENV}/Warehouse/Secure/dataprogRepository/nscvp99_H2T_rw_summ_pii_hte,/project/prg1/prg1${HDFS_ENV}/Warehouse/Staging/dataprogRepository/nscvs99_H2T_summ_st_hte","description":"dataprog Repository Customer Connectivity Settings Consent Summary Data for Land and Mastering purpose(CVH2TLM)","permMapList":[{"groupList":["cvH2Tlm"],"permList":["read","execute"]}]}

{HIVE_CONFIG,"policyName":"prg1-${HDFS_ENV}-HIVE-MR-LoadH2TConsentSummary-Region-NA-Country-USA-LMI","databases":"${DB_NAME}","tables":"ncvdvik_H2T_summ_pii_na_usa_lmi_vw","columns":"*","description":"dataprogRepository LoadH2TConsentSummary HIVE Access for LMI","permMapList":[{"groupList":["cvH2Tuslmi"],"permList":["select"]}]}

{HIVE_CONFIG,"policyName":"prg1-${HDFS_ENV}-HIVE-MR-LoadH2TConsentSummary-LandMaster","databases":"${DB_NAME}","tables":"nscvs99_H2T_summ_st_hte,nscvp99_H2T_na_usa_summ_pii_hte,nscvp99_H2T_na_non_usa_summ_pii_hte,nscvp99_H2T_eu_gbr_fra_summ_pii_hte,nscvp99_H2T_eu_non_gbr_fra_summ_pii_hte,nscvp99_H2T_ap_summ_pii_hte,nscvp99_H2T_rw_summ_pii_hte,ncvdvik_H2T_summ_pii_na_usa_lmi_vw,nscvv99a_H2T_summ_na_usa_li_vw,nscvv99a_H2T_summ_eu_fra_li_vw,nscvv99a_H2T_summ_eu_deu_li_vw,nscvv99a_H2T_summ_eu_ita_li_vw,nscvv99a_H2T_summ_eu_esp_li_vw,nscvv99a_H2T_summ_eu_gbr_li_vw,nscvv99a_H2T_summ_na_can_li_vw,nscvv99a_H2T_summ_eu_reg_li_vw","columns":"*","description":"dataprogRepository LoadH2TConsentSummary HIVE Access for LandMaster","permMapList":[{"groupList":["cvH2Tlm"],"permList":["select"]}]}

{HIVE_CONFIG,"policyName":"prg1-${HDFS_ENV}-HIVE-MR-LoadH2TConsentSummary-Region-NA-Country-USA-LI","databases":"${DB_NAME}","tables":"nscvv99a_H2T_summ_na_usa_li_vw","columns":"*","description":"dataprogRepository LoadH2TConsentSummary HIVE Access for LI","permMapList":[{"groupList":["mbH2Tusli"],"permList":["select"]}]}
{HIVE_CONFIG,"policyName":"prg1-${HDFS_ENV}-HIVE-MR-LoadH2TConsentSummary-Region-EU-Country-FRA-LI","databases":"${DB_NAME}","tables":"nscvv99a_H2T_summ_eu_fra_li_vw","columns":"*","description":"dataprogRepository LoadH2TConsentSummary HIVE Access for LI","permMapList":[{"groupList":["mbH2Tfrli"],"permList":["select"]}]}
{HIVE_CONFIG,"policyName":"prg1-${HDFS_ENV}-HIVE-MR-LoadH2TConsentSummary-Region-EU-Country-DEU-LI","databases":"${DB_NAME}","tables":"nscvv99a_H2T_summ_eu_deu_li_vw","columns":"*","description":"dataprogRepository LoadH2TConsentSummary HIVE Access for LI","permMapList":[{"groupList":["mbH2Tdeli"],"permList":["select"]}]}
{HIVE_CONFIG,"policyName":"prg1-${HDFS_ENV}-HIVE-MR-LoadH2TConsentSummary-Region-EU-Country-ITA-LI","databases":"${DB_NAME}","tables":"nscvv99a_H2T_summ_eu_ita_li_vw","columns":"*","description":"dataprogRepository LoadH2TConsentSummary HIVE Access for LI","permMapList":[{"groupList":["mbH2Titli"],"permList":["select"]}]}
{HIVE_CONFIG,"policyName":"prg1-${HDFS_ENV}-HIVE-MR-LoadH2TConsentSummary-Region-EU-Country-ESP-LI","databases":"${DB_NAME}","tables":"nscvv99a_H2T_summ_eu_esp_li_vw","columns":"*","description":"dataprogRepository LoadH2TConsentSummary HIVE Access for LI","permMapList":[{"groupList":["mbH2Tesli"],"permList":["select"]}]}
{HIVE_CONFIG,"policyName":"prg1-${HDFS_ENV}-HIVE-MR-LoadH2TConsentSummary-Region-EU-Country-GBR-LI","databases":"${DB_NAME}","tables":"nscvv99a_H2T_summ_eu_gbr_li_vw","columns":"*","description":"dataprogRepository LoadH2TConsentSummary HIVE Access for LI","permMapList":[{"groupList":["mbH2Tgbli"],"permList":["select"]}]}
{HIVE_CONFIG,"policyName":"prg1-${HDFS_ENV}-HIVE-MR-LoadH2TConsentSummary-Region-NA-Country-CAN-LI","databases":"${DB_NAME}","tables":"nscvv99a_H2T_summ_na_can_li_vw","columns":"*","description":"dataprogRepository LoadH2TConsentSummary HIVE Access for LI","permMapList":[{"groupList":["mbH2Tcali"],"permList":["select"]}]}
{HIVE_CONFIG,"policyName":"prg1-${HDFS_ENV}-HIVE-MR-LoadH2TConsentSummary-Region-EU-LI","databases":"${DB_NAME}","tables":"nscvv99a_H2T_summ_eu_reg_li_vw","columns":"*","description":"dataprogRepository LoadH2TConsentSummary HIVE Access for Region EU LI","permMapList":[{"groupList":["mbH2Teuli"],"permList":["select"]}]}
 