{HDFS_CONFIG,"policyName":"prg1-${HDFS_ENV}-HDFS-MR-AXTSMRY-PJ1-LandMaster-LMI","resourceName":"/project/prg1/prg1${HDFS_ENV}/Warehouse/Secure/AXTSummary/ncvdcvt_AXT_summary_pj1_sec_non_acid_hte,/project/prg1/prg1${HDFS_ENV}/Warehouse/Staging/AXTSummary/ncvdsvt_AXT_summary_pj1_st_hte","description":"dataprog Repository AXT PJ1 HDFS Access for PJ1 Data Products Role(LandMaster & LMI)","permMapList":[{"groupList":["cvempj1lm"],"permList":["read","execute"]}]}
{HIVE_CONFIG,"policyName":"prg1-${HDFS_ENV}-Hive-MR-AXTSMRY-PJ1-LandMaster-LMI","databases":"${DB_NAME}","tables":"ncvdcvt_AXT_summary_pj1_sec_non_acid_hte,ncvdsvt_AXT_summary_pj1_st_hte,NCVDVVTN_AXT_SUMMARY_PJ1_GLOBAL_LI_VW","columns":"*","description":"dataprog Repository AXT PJ1 Hive Access for PJ1 Data Products Role(LandMaster & LMI)","permMapList":[{"groupList":["cvempj1lm"],"permList":["select"]}]}
{HIVE_CONFIG,"policyName":"prg1-${HDFS_ENV}-Hive-MR-AXTSMRY-PJ1-LI","databases":"${DB_NAME}","tables":"NCVDVVTN_AXT_SUMMARY_PJ1_GLOBAL_LI_VW","columns":"*","description":"dataprog Repository AXT Hive Access for Pre-Job 1 Global data Products Role(LI)","permMapList":[{"groupList":["mbpj1li"],"permList":["select"]}]}


