{HDFS_CONFIG,"policyName":"prg1-${HDFS_ENV}-HDFS-MR-AXTSMRY-WILLMRY-PJ1-LandMaster-LM","resourceName":"/project/prg1/prg1${HDFS_ENV}/Warehouse/Secure/AXTSummary/ncvdcvt_AXT_summary_pj1_sec_non_acid_hte,/project/prg1/prg1${HDFS_ENV}/Warehouse/Secure/Common/LgsDetails/ncvdcx8_wil_summ_pj1_sec_hte,/project/prg1/prg1${HDFS_ENV}/Warehouse/Staging/Common/LgsDetails/ncvdsx8_wil_summ_pj1_st_hte","description":"dataprog Repository AXT PJ1 and WILL PJ1 Hive Access for PJ1 Data Products Role(LandMaster & LMI)","permMapList":[{"groupList":["cvempj1lm"],"permList":["read","execute"]}]}
{HIVE_CONFIG,"policyName":"prg1-${HDFS_ENV}-Hive-MR-AXTSMRY-WILLMRY-PJ1-LandMaster-LM","databases":"${DB_NAME}","tables":"ncvdcvt_AXT_summary_pj1_sec_non_acid_hte,ncvdcx8_wil_summ_pj1_sec_hte,ncvdsx8_wil_summ_pj1_st_hte","columns":"*","description":"dataprog Repository AXT PJ1 and WILL PJ1 Hive Access for PJ1 Data Products Role(LandMaster & LMI)","permMapList":[{"groupList":["cvempj1lm"],"permList":["select"]}]}


{HDFS_CONFIG,"policyName":"prg1-${HDFS_ENV}-HDFS-MR-WILLMRY-PJ1-LandMaster-LMI","resourceName":"/project/prg1/prg1${HDFS_ENV}/Warehouse/Secure/Common/LgsDetails/ncvdcx8_wil_summ_pj1_sec_hte,/project/prg1/prg1${HDFS_ENV}/Warehouse/Staging/Common/LgsDetails/ncvdsx8_wil_summ_pj1_st_hte","description":"dataprog Repository AXT PJ1 and WILL PJ1 Hive Access for PJ1 Data Products Role(LandMaster & LMI)","permMapList":[{"groupList":["cvempj1lmi","prg1pdps"],"permList":["read","execute"]}]}
{HIVE_CONFIG,"policyName":"prg1-${HDFS_ENV}-Hive-MR-WILLMRY-PJ1-LandMaster-LMI","databases":"${DB_NAME}","tables":"ncvdcx8_wil_summ_pj1_sec_hte,ncvdsx8_wil_summ_pj1_st_hte","columns":"*","description":"dataprog Repository AXT PJ1 and WILL PJ1 Hive Access for PJ1 Data Products Role(LandMaster & LMI)","permMapList":[{"groupList":["cvempj1lmi","prg1pdps"],"permList":["select"]}]}

-- Global LI View-------
{HIVE_CONFIG,"policyName":"VIEW-AUTOMATION-prg1-${HDFS_ENV}-CRC4TPre-Job1-Hive-Region-Country-GLOBAL-LI-mbpj1li","description":"DataSource(CRC4TPre-Job1) LI data for the country of GLOBAL","databases":"${DB_NAME}","columns":"*","tables":"ncvdvx8n_wil_summary_pj1_global_li_vw","permMapList":[{"groupList":["mbpj1li","cvempj1lm"],"permList":["select"]}]}
