{HDFS_CONFIG,"policyName":"prg1-${HDFS_ENV}-HDFS-MR-LoadH2TConsentSummaryPJ1-LandMaster-LMI","resourceName":"/project/prg1/prg1${HDFS_ENV}/Warehouse/Secure/dataprogRepository/nscvpbb_H2T_summ_pj1_pii_hte,/project/prg1/prg1${HDFS_ENV}/Warehouse/Staging/dataprogRepository/nscvsbb_H2T_summ_pj1_st_hte","description":"dataprog Repository Customer Connectivity Settings Consent Summary PreJob1 Data for Land and Mastering purpose(cvempj1lm)","permMapList":[{"groupList":["cvempj1lm","cvempj1lm"],"permList":["read","execute"]}]}

{HIVE_CONFIG,"policyName":"prg1-${HDFS_ENV}-HIVE-MR-LoadH2TConsentSummaryPJ1-LandMaster-LMI","databases":"${DB_NAME}","tables":"NSCVSBB_H2T_SUMM_PJ1_ST_HTE,NSCVPBB_H2T_SUMM_PJ1_PII_HTE","columns":"*","description":"dataprogRepository LoadH2TConsentSummary PreJob1 HIVE Access for LandMaster","permMapList":[{"groupList":["cvempj1lmi","cvempj1lm"],"permList":["select"]}]}

{HIVE_CONFIG,"policyName":"prg1-${HDFS_ENV}-HIVE-MR-LoadH2TConsentSummaryPJ1-LI","databases":"${DB_NAME}","tables":"NSCVVBBA_H2T_SUMM_PJ1_GLOBAL_LI_VW","columns":"*","description":"dataprogRepository LoadH2TConsentSummary Pre-Job 1 Global data Products- LI (MBPJ1LI)","permMapList":[{"groupList":["mbpj1li"],"permList":["select"]}]}
