{HDFS_CONFIG,"policyName":"prg1-${HDFS_ENV}-HDFS-MR - MKD Schedule History -LandMaster","resourceName":"/project/prg1/prg1${HDFS_ENV}/Warehouse/Secure/dataprogRepository/nscvpfy_tcx_sched_hist_pii_hte,/project/prg1/prg1${HDFS_ENV}/Warehouse/Staging/dataprogRepository/nscvsfy_tcx_hist_st_hte,/project/prg1/prg1${HDFS_ENV}/Warehouse/Staging/dataprogRepository/MKD/Inprocess/nscvsfy_temp_tcx_hist_st_hte,/project/prg1/prg1${HDFS_ENV}/Warehouse/Secure/dataprogRepository/nscvsfy_tcx_hist_archv_st_hte","description":"Automatic Software Update(MKD) all data for Land and Mastering purpose(CVASTLM)","permMapList":[{"groupList":["cvastlm"],"permList":["read","execute"]}]}
{HIVE_CONFIG,"policyName":"prg1-${HDFS_ENV}-HIVE-MR - MKD Schedule History -LandMaster","databases":"${DB_NAME}","tables":"nscvpfy_tcx_sched_hist_pii_hte,nscvsfy_tcx_hist_st_hte,nscvsfy_temp_tcx_hist_st_hte,nscvsfy_tcx_hist_archv_st_hte,nscvvfya_tcx_schedule_na_usa_li_vw,nscvvfya_tcx_schedule_eu_fra_li_vw,nscvvfya_tcx_schedule_eu_deu_li_vw,nscvvfya_tcx_schedule_eu_ita_li_vw,nscvvfya_tcx_schedule_eu_esp_li_vw,nscvvfya_tcx_schedule_eu_gbr_li_vw,nscvvfya_tcx_schedule_na_can_li_vw","columns":"*","description":"Automatic Software Update(MKD) all data for Land and Mastering purpose(CVASTLM)","permMapList":[{"groupList":["cvastlm"],"permList":["select"]}]}
{HIVE_CONFIG,"policyName":"prg1-${HDFS_ENV}-HIVE-MR - MKD Schedule History NA-USA-LI","databases":"${DB_NAME}","tables":"nscvvfya_tcx_schedule_na_usa_li_vw","columns":"*","description":"Automatic Software Update(MKD) all data for LI risk Data for Region=NA, Country=USA view access(MBMKDUSLI)","permMapList":[{"groupList":["mbMKDusli"],"permList":["select"]}]}
{HIVE_CONFIG,"policyName":"prg1-${HDFS_ENV}-HIVE-MR - MKD Scheduled History -EU-FRA-li","databases":"${DB_NAME}","tables":"nscvvfya_tcx_schedule_eu_fra_li_vw","columns":"*","description":"Automatic Software Update(MKD) Scheduled History all data for LI risk Data for Region=EU, Country=FRA view access(MBMKDFRLI)","permMapList":[{"groupList":["mbMKDfrli"],"permList":["select"]}]}
{HIVE_CONFIG,"policyName":"prg1-${HDFS_ENV}-HIVE-MR - MKD Scheduled History -EU-DEU-LI","databases":"${DB_NAME}","tables":"nscvvfya_tcx_schedule_eu_deu_li_vw","columns":"*","description":"Automatic Software Update(MKD) Scheduled History all data for LI risk Data for Region=EU, Country=DEU view access(MBMKDDELI)","permMapList":[{"groupList":["mbMKDdeli"],"permList":["select"]}]}
{HIVE_CONFIG,"policyName":"prg1-${HDFS_ENV}-HIVE-MR - MKD Scheduled History -EU-ITA-LI","databases":"${DB_NAME}","tables":"nscvvfya_tcx_schedule_eu_ita_li_vw","columns":"*","description":"Automatic Software Update(MKD) Scheduled History all data for LI risk Data for Region=EU, Country=ITA view access(MBMKDITLI)","permMapList":[{"groupList":["mbMKDitli"],"permList":["select"]}]}
{HIVE_CONFIG,"policyName":"prg1-${HDFS_ENV}-HIVE-MR - MKD Scheduled History -EU-ESP-LI","databases":"${DB_NAME}","tables":"nscvvfya_tcx_schedule_eu_esp_li_vw","columns":"*","description":"Automatic Software Update(MKD) Scheduled History all data for LI risk Data for Region=EU, Country=ESP view access(MBMKDESLI)","permMapList":[{"groupList":["mbMKDesli"],"permList":["select"]}]}
{HIVE_CONFIG,"policyName":"prg1-${HDFS_ENV}-HIVE-MR - MKD Scheduled History -EU-GBR-LI","databases":"${DB_NAME}","tables":"nscvvfya_tcx_schedule_eu_gbr_li_vw","columns":"*","description":"Automatic Software Update(MKD) Scheduled History all data for LI risk Data for Region=EU, Country=GBR view access(MBMKDGBLI)","permMapList":[{"groupList":["mbMKDgbli"],"permList":["select"]}]}
{HIVE_CONFIG,"policyName":"prg1-${HDFS_ENV}-HIVE-MR - MKD Scheduled History -NA-CAN-LI","databases":"${DB_NAME}","tables":"nscvvfya_tcx_schedule_na_can_li_vw","columns":"*","description":"Automatic Software Update(MKD) Scheduled History all data for LI risk Data for Region=NA, Country=CAN view access(MBMKDCALI)","permMapList":[{"groupList":["mbMKDcali"],"permList":["select"]}]}
