{HDFS_CONFIG,"policyName":"prg1-${HDFS_ENV}-HDFS-MR - MKD Schedule History PJ1-LandMaster","resourceName":"/project/prg1/prg1${HDFS_ENV}/Warehouse/Secure/dataprogRepository/nscvp95_tcx_sched_hist_pj1_pii_hte,/project/prg1/prg1${HDFS_ENV}/Warehouse/Staging/dataprogRepository/nscvs95_tcx_hist_pj1_st_hte,/project/prg1/prg1${HDFS_ENV}/Warehouse/Staging/dataprogRepository/MKD/Inprocess/nscvs94_temp_tcx_hist_pj1_st_hte,/project/prg1/prg1${HDFS_ENV}/Warehouse/Staging/dataprogRepository/MKD/CRC4T_PJ1_Raw","description":"dataprog Repository MKD Schedule History PJ1 Access for Pre Job 1 Data Products Role(LandMaster & LMI)","permMapList":[{"groupList":["cvempj1lm"],"permList":["read","execute"]}]}
{HIVE_CONFIG,"policyName":"prg1-${HDFS_ENV}-HIVE-MR - MKD Schedule History PJ1-LandMaster","databases":"${DB_NAME}","tables":"NSCVP95_tcx_SCHED_HIST_PJ1_PII_HTE,NSCVS95_tcx_HIST_PJ1_ST_HTE,NSCVS94_TEMP_tcx_HIST_PJ1_ST_HTE,NSCVV95A_tcx_SCHEDULE_PJ1_GLOBAL_LI_VW","columns":"*","description":"dataprog Repository MKD Schedule History PJ1 Access for Pre Job 1 Data Products Role(LandMaster & LMI)","permMapList":[{"groupList":["cvempj1lm"],"permList":["select"]}]}
{HIVE_CONFIG,"policyName":"prg1-${HDFS_ENV}-Hive-MR - MKD Schedule History PJ1-LI","databases":"${DB_NAME}","tables":"NSCVV95A_tcx_SCHEDULE_PJ1_GLOBAL_LI_VW","columns":"*","description":"dataprog Repository MKD Hive Access for Pre-Job 1 Global data Products Role(LI)","permMapList":[{"groupList":["mbpj1li"],"permList":["select"]}]}
