{HDFS_CONFIG,"policyName":"prg1-${HDFS_ENV}-HDFS-MR - MKD Settings Summary -LandMaster","resourceName":"/project/prg1/prg1${HDFS_ENV}/Warehouse/Secure/dataprogRepository/nscvpep_tcx_setg_summ_pii_hte,/project/prg1/prg1${HDFS_ENV}/Warehouse/Staging/dataprogRepository/nscvsep_tcx_setg_summ_st_hte","description":"Automatic Software Update(MKD)  all data for Land and Mastering purpose(CVASTLM)","permMapList":[{"groupList":["cvastlm"],"permList":["read","execute"]}]}

{HIVE_CONFIG,"policyName":"prg1-${HDFS_ENV}-HIVE-MR - MKD Settings Summary -landmaster","databases":"${DB_NAME}","tables":"nscvpep_tcx_setg_summ_pii_hte,nscvsep_tcx_setg_summ_st_hte,nscvvepa_tcx_settings_na_usa_li_vw,nscvvepa_tcx_settings_eu_fra_li_vw,nscvvepa_tcx_settings_eu_deu_li_vw,nscvvepa_tcx_settings_eu_ita_li_vw,nscvvepa_tcx_settings_eu_esp_li_vw,nscvvepa_tcx_settings_eu_gbr_li_vw,nscvvepa_tcx_settings_na_can_li_vw","columns":"*","description":"Automatic Software Update(MKD)  all data for Land and Mastering purpose(CVASTLM)","permMapList":[{"groupList":["cvastlm"],"permList":["select"]}]}

{HIVE_CONFIG,"policyName":"prg1-${HDFS_ENV}-HIVE-MR - MKD Settings Summary -NA-USA-LI","databases":"${DB_NAME}","tables":"nscvvepa_tcx_settings_na_usa_li_vw","columns":"*","description":"Automatic Software Update(MKD) Setting Summary all data for LI risk Data for Region=EU, Country=FRA view access(MBMKDUSLI)","permMapList":[{"groupList":["mbMKDusli"],"permList":["select"]}]}
{HIVE_CONFIG,"policyName":"prg1-${HDFS_ENV}-HIVE-MR - MKD Settings Summary -EU-FRA-LI","databases":"${DB_NAME}","tables":"nscvvepa_tcx_settings_eu_fra_li_vw","columns":"*","description":"Automatic Software Update(MKD) Setting Summary all data for LI risk Data for Region=EU, Country=FRA view access(MBMKDFRLI)","permMapList":[{"groupList":["mbMKDfrli"],"permList":["select"]}]}
{HIVE_CONFIG,"policyName":"prg1-${HDFS_ENV}-HIVE-MR - MKD Settings Summary -EU-DEU-LI","databases":"${DB_NAME}","tables":"nscvvepa_tcx_settings_eu_deu_li_vw","columns":"*","description":"Automatic Software Update(MKD) Setting Summary all data for LI risk Data for Region=EU, Country=DEU view access(MBMKDDELI)","permMapList":[{"groupList":["mbMKDdeli"],"permList":["select"]}]}
{HIVE_CONFIG,"policyName":"prg1-${HDFS_ENV}-HIVE-MR - MKD Settings Summary -EU-ITA-LI","databases":"${DB_NAME}","tables":"nscvvepa_tcx_settings_eu_ita_li_vw","columns":"*","description":"Automatic Software Update(MKD) Setting Summary all data for LI risk Data for Region=EU, Country=ITA view access(MBMKDITLI)","permMapList":[{"groupList":["mbMKDitli"],"permList":["select"]}]}
{HIVE_CONFIG,"policyName":"prg1-${HDFS_ENV}-HIVE-MR - MKD Settings Summary -EU-ESP-LI","databases":"${DB_NAME}","tables":"nscvvepa_tcx_settings_eu_esp_li_vw","columns":"*","description":"Automatic Software Update(MKD) Setting Summary all data for LI risk Data for Region=EU, Country=ESP view access(MBMKDESLI)","permMapList":[{"groupList":["mbMKDesli"],"permList":["select"]}]}
{HIVE_CONFIG,"policyName":"prg1-${HDFS_ENV}-HIVE-MR - MKD Settings Summary -EU-GBR-LI","databases":"${DB_NAME}","tables":"nscvvepa_tcx_settings_eu_gbr_li_vw","columns":"*","description":"Automatic Software Update(MKD) Setting Summary all data for LI risk Data for Region=EU, Country=GBR view access(MBMKDGBLI)","permMapList":[{"groupList":["mbMKDgbli"],"permList":["select"]}]}
{HIVE_CONFIG,"policyName":"prg1-${HDFS_ENV}-HIVE-MR - MKD Settings Summary -NA-CAN-LI","databases":"${DB_NAME}","tables":"nscvvepa_tcx_settings_na_can_li_vw","columns":"*","description":"Automatic Software Update(MKD) Setting Summary all data for LI risk Data for Region=NA, Country=CAN view access(MBMKDCALI)","permMapList":[{"groupList":["mbMKDcali"],"permList":["select"]}]}
