{HDFS_CONFIG,"policyName":"prg1-${HDFS_ENV}-HDFS-MR-AXTSMRY-LandMaster","resourceName":"/project/prg1/prg1${HDFS_ENV}/Warehouse/Secure/AXTSummary/ncvdcvt_AXT_summary_sec_acid_hte,/project/prg1/prg1${HDFS_ENV}/Warehouse/Staging/dataprogRepository/ncvdsvt_AXT_summary_st_hte,/project/prg1/prg1${HDFS_ENV}/Warehouse/Secure/AXTSummary/ncvdcvt_AXT_summary_prs_sec_acid_hte,/project/prg1/prg1${HDFS_ENV}/Warehouse/Staging/dataprogRepository/ncvdsvt_AXT_summary_prs_st_hte,/project/prg1/prg1${HDFS_ENV}/Warehouse/Staging/dataprogRepository/ncvdsvt_AXT_summary_psa_st_hte,/project/prg1/prg1${HDFS_ENV}/Warehouse/Secure/AXTSummary/ncvdcvt_AXT_summary_acid_psa_sec_hte,/project/prg1/prg1${HDFS_ENV}/Warehouse/Staging/dataprogRepository/ncvdsvt_AXT_summary_psu_st_hte,/project/prg1/prg1${HDFS_ENV}/Warehouse/Secure/AXTSummary/ncvdcvt_AXT_summary_acid_psu_sec_hte","description":"AXT Summary  Updates all Data for Land and Mastering Purpose(CVAXTLM)","permMapList":[{"groupList":["cvAXTlm"],"permList":["read","execute"]}]}
{HIVE_CONFIG,"policyName":"prg1-${HDFS_ENV}-Hive-MR-AXTSMRY-LandMaster","databases":"${DB_NAME}","tables":"ncvdcvt_AXT_summary_sec_acid_hte,ncvdsvt_AXT_summary_st_hte,ncvdvcf_AXT_summary_na_usa_lmi_vw,ncvdvvta_AXT_summary_na_*_li_vw,ncvdvvta_AXT_summary_ap_*_li_vw,ncvdvvta_AXT_summary_eu_*_li_vw,ncvdvvta_AXT_summary_sa_*_li_vw,ncvdcvt_AXT_summary_prs_sec_acid_hte,ncvdsvt_AXT_summary_prs_st_hte,ncvdvvta_AXT_summary_psa_na_usa_lmi_vw,ncvdsvt_AXT_summary_psa_st_hte,ncvdcvt_AXT_summary_acid_psa_sec_hte,ncvdsvt_AXT_summary_psu_st_hte,ncvdcvt_AXT_summary_acid_psu_sec_hte","columns":"*","description":"AXT Summary  Updates all Data for Land and Mastering Purpose(CVAXTLM)","permMapList":[{"groupList":["cvAXTlm"],"permList":["select"]}]}
{HIVE_CONFIG,"policyName":"prg1-${HDFS_ENV}-Hive-MR-AXTSMRY-Region-NA-Country-USA-LMI","databases":"${DB_NAME}","tables":"ncvdvcf_AXT_summary_na_usa_lmi_vw","columns":"*","description":" AXT Summary  Updates LMI risk Data for country of UNITED STATES(CVAXTUSLMI)","permMapList":[{"groupList":["cvAXTuslmi"],"permList":["select"]}]}
{HDFS_CONFIG,"policyName":"prg1-${HDFS_ENV}-HDFS-MR-AXTSMRY-VHRHIST-LandMaster","resourceName":"/project/prg1/prg1${HDFS_ENV}/Warehouse/Secure/AXTSummary/ncvdcvt_AXT_summary_vhr_history","description":"AXT Summary  VHR History all Data for Land and Mastering Purpose(CVAXTVHLM)","permMapList":[{"groupList":["cvAXTvhlm"],"permList":["read","execute"]}]}
{HIVE_CONFIG,"policyName":"prg1-${HDFS_ENV}-Hive-MR-AXTSMRY-VHRHIST-LandMaster","databases":"${DB_NAME}","tables":"ncvdcvt_AXT_summary_vhr_history,ncvdvch_AXT_summary_vhr_history_lmi_vw","columns":"*","description":"AXT Summary  VHR HIstory all Data for Land and Mastering Purpose(cvAXTvhlm)","permMapList":[{"groupList":["cvAXTvhlm"],"permList":["select"]}]}
{HIVE_CONFIG,"policyName":"prg1-${HDFS_ENV}-Hive-MR-AXTSMRY-VHRHIST-LMI","databases":"${DB_NAME}","tables":"ncvdvch_AXT_summary_vhr_history_lmi_vw","columns":"*","description":" AXTSummary VHRHistorical Hive Access  Category LMI risk data","permMapList":[{"groupList":["cvAXTvhlmi"],"permList":["select"]}]}
{HIVE_CONFIG,"policyName":"prg1-${HDFS_ENV}-Hive-MR-AXTSMRY-Region-AP-Country-AUS-LI","databases":"${DB_NAME}","tables":"ncvdvvta_AXT_summary_ap_aus_li_vw","columns":"*","description":"AXT Summary Updates LI risk Data for country of AUSTRALIA(MBAXTAULI)","permMapList":[{"groupList":["mbAXTauli"],"permList":["select"]}]}
{HIVE_CONFIG,"policyName":"prg1-${HDFS_ENV}-Hive-MR-AXTSMRY-Region-EU-Country-AUT-LI","databases":"${DB_NAME}","tables":"ncvdvvta_AXT_summary_eu_aut_li_vw","columns":"*","description":"AXT Summary Updates LI risk Data for country of AUSTRIA(MBAXTATLI)","permMapList":[{"groupList":["mbAXTatli"],"permList":["select"]}]}
{HIVE_CONFIG,"policyName":"prg1-${HDFS_ENV}-Hive-MR-AXTSMRY-Region-EU-Country-BEL-LI","databases":"${DB_NAME}","tables":"ncvdvvta_AXT_summary_eu_bel_li_vw","columns":"*","description":"AXT Summary Updates LI risk Data for country of BELGIUM(MBAXTBELI)","permMapList":[{"groupList":["mbAXTbeli"],"permList":["select"]}]}
{HIVE_CONFIG,"policyName":"prg1-${HDFS_ENV}-Hive-MR-AXTSMRY-Region-EU-Country-BGR-LI","databases":"${DB_NAME}","tables":"ncvdvvta_AXT_summary_eu_bgr_li_vw","columns":"*","description":"AXT Summary Updates LI risk Data for country of BULGARIA(MBAXTBGLI)","permMapList":[{"groupList":["mbAXTbgli"],"permList":["select"]}]}
{HIVE_CONFIG,"policyName":"prg1-${HDFS_ENV}-Hive-MR-AXTSMRY-Region-SA-Country-BRA-LI","databases":"${DB_NAME}","tables":"ncvdvvta_AXT_summary_sa_bra_li_vw","columns":"*","description":"AXT Summary Updates LI risk Data for country of BRAZIL(MBAXTBRLI)","permMapList":[{"groupList":["mbAXTbrli"],"permList":["select"]}]}
{HIVE_CONFIG,"policyName":"prg1-${HDFS_ENV}-Hive-MR-AXTSMRY-Region-NA-Country-CAN-LI","databases":"${DB_NAME}","tables":"ncvdvvta_AXT_summary_na_can_li_vw","columns":"*","description":"AXT Summary Updates LI risk Data for country of CANADA(MBAXTCALI)","permMapList":[{"groupList":["mbAXTcali"],"permList":["select"]}]}
{HIVE_CONFIG,"policyName":"prg1-${HDFS_ENV}-Hive-MR-AXTSMRY-Region-EU-Country-CHE-LI","databases":"${DB_NAME}","tables":"ncvdvvta_AXT_summary_eu_che_li_vw","columns":"*","description":"AXT Summary Updates LI risk Data for country of SWITZERLAND(MBAXTCHLI)","permMapList":[{"groupList":["mbAXTchli"],"permList":["select"]}]}
{HIVE_CONFIG,"policyName":"prg1-${HDFS_ENV}-Hive-MR-AXTSMRY-Region-AP-Country-CHN-LI","databases":"${DB_NAME}","tables":"ncvdvvta_AXT_summary_ap_chn_li_vw","columns":"*","description":"AXT Summary Updates LI risk Data for country of CHINA(MBAXTCNLI)","permMapList":[{"groupList":["mbAXTcnli"],"permList":["select"]}]}
{HIVE_CONFIG,"policyName":"prg1-${HDFS_ENV}-Hive-MR-AXTSMRY-Region-EU-Country-CYP-LI","databases":"${DB_NAME}","tables":"ncvdvvta_AXT_summary_eu_cyp_li_vw","columns":"*","description":"AXT Summary Updates LI risk Data for country of CYPRUS(MBAXTCYLI)","permMapList":[{"groupList":["mbAXTcyli"],"permList":["select"]}]}
{HIVE_CONFIG,"policyName":"prg1-${HDFS_ENV}-Hive-MR-AXTSMRY-Region-EU-Country-CZE-LI","databases":"${DB_NAME}","tables":"ncvdvvta_AXT_summary_eu_cze_li_vw","columns":"*","description":"AXT Summary Updates LI risk Data for country of CZECHIA(MBAXTCZLI)","permMapList":[{"groupList":["mbAXTczli"],"permList":["select"]}]}
{HIVE_CONFIG,"policyName":"prg1-${HDFS_ENV}-Hive-MR-AXTSMRY-Region-EU-Country-DEU-LI","databases":"${DB_NAME}","tables":"ncvdvvta_AXT_summary_eu_deu_li_vw","columns":"*","description":"AXT Summary Updates LI risk Data for country of GERMANY(MBAXTDELI)","permMapList":[{"groupList":["mbAXTdeli"],"permList":["select"]}]}
{HIVE_CONFIG,"policyName":"prg1-${HDFS_ENV}-Hive-MR-AXTSMRY-Region-EU-Country-DNK-LI","databases":"${DB_NAME}","tables":"ncvdvvta_AXT_summary_eu_dnk_li_vw","columns":"*","description":"AXT Summary Updates LI risk Data for country of DENMARK(MBAXTDKLI)","permMapList":[{"groupList":["mbAXTdkli"],"permList":["select"]}]}
{HIVE_CONFIG,"policyName":"prg1-${HDFS_ENV}-Hive-MR-AXTSMRY-Region-EU-Country-ESP-LI","databases":"${DB_NAME}","tables":"ncvdvvta_AXT_summary_eu_esp_li_vw","columns":"*","description":"AXT Summary Updates LI risk Data for country of SPAIN(MBAXTESLI)","permMapList":[{"groupList":["mbAXTesli"],"permList":["select"]}]}
{HIVE_CONFIG,"policyName":"prg1-${HDFS_ENV}-Hive-MR-AXTSMRY-Region-EU-Country-EST-LI","databases":"${DB_NAME}","tables":"ncvdvvta_AXT_summary_eu_est_li_vw","columns":"*","description":"AXT Summary Updates LI risk Data for country of ESTONIA(MBAXTEELI)","permMapList":[{"groupList":["mbAXTeeli"],"permList":["select"]}]}
{HIVE_CONFIG,"policyName":"prg1-${HDFS_ENV}-Hive-MR-AXTSMRY-Region-EU-Country-FIN-LI","databases":"${DB_NAME}","tables":"ncvdvvta_AXT_summary_eu_fin_li_vw","columns":"*","description":"AXT Summary Updates LI risk Data for country of FINLAND(MBAXTFILI)","permMapList":[{"groupList":["mbAXTfili"],"permList":["select"]}]}
{HIVE_CONFIG,"policyName":"prg1-${HDFS_ENV}-Hive-MR-AXTSMRY-Region-EU-Country-FRA-LI","databases":"${DB_NAME}","tables":"ncvdvvta_AXT_summary_eu_fra_li_vw","columns":"*","description":"AXT Summary Updates LI risk Data for country of FRANCE(MBAXTFRLI)","permMapList":[{"groupList":["mbAXTfrli"],"permList":["select"]}]}
{HIVE_CONFIG,"policyName":"prg1-${HDFS_ENV}-Hive-MR-AXTSMRY-Region-EU-Country-GBR-LI","databases":"${DB_NAME}","tables":"ncvdvvta_AXT_summary_eu_gbr_li_vw","columns":"*","description":"AXT Summary Updates LI risk Data for country of UNITED KINGDOM(MBAXTGBLI)","permMapList":[{"groupList":["mbAXTgbli"],"permList":["select"]}]}
{HIVE_CONFIG,"policyName":"prg1-${HDFS_ENV}-Hive-MR-AXTSMRY-Region-EU-Country-GRC-LI","databases":"${DB_NAME}","tables":"ncvdvvta_AXT_summary_eu_grc_li_vw","columns":"*","description":"AXT Summary Updates LI risk Data for country of GREECE(MBAXTGRLI)","permMapList":[{"groupList":["mbAXTgrli"],"permList":["select"]}]}
{HIVE_CONFIG,"policyName":"prg1-${HDFS_ENV}-Hive-MR-AXTSMRY-Region-EU-Country-HRV-LI","databases":"${DB_NAME}","tables":"ncvdvvta_AXT_summary_eu_hrv_li_vw","columns":"*","description":"AXT Summary Updates LI risk Data for country of CROATIA(MBAXTHRLI)","permMapList":[{"groupList":["mbAXThrli"],"permList":["select"]}]}
{HIVE_CONFIG,"policyName":"prg1-${HDFS_ENV}-Hive-MR-AXTSMRY-Region-EU-Country-HUN-LI","databases":"${DB_NAME}","tables":"ncvdvvta_AXT_summary_eu_hun_li_vw","columns":"*","description":"AXT Summary Updates LI risk Data for country of HUNGARY(MBAXTHULI)","permMapList":[{"groupList":["mbAXThuli"],"permList":["select"]}]}
{HIVE_CONFIG,"policyName":"prg1-${HDFS_ENV}-Hive-MR-AXTSMRY-Region-EU-Country-IRL-LI","databases":"${DB_NAME}","tables":"ncvdvvta_AXT_summary_eu_irl_li_vw","columns":"*","description":"AXT Summary Updates LI risk Data for country of IRELAND(MBAXTIELI)","permMapList":[{"groupList":["mbAXTieli"],"permList":["select"]}]}
{HIVE_CONFIG,"policyName":"prg1-${HDFS_ENV}-Hive-MR-AXTSMRY-Region-EU-Country-ISL-LI","databases":"${DB_NAME}","tables":"ncvdvvta_AXT_summary_eu_isl_li_vw","columns":"*","description":"AXT Summary Updates LI risk Data for country of ICELAND(MBAXTISLI)","permMapList":[{"groupList":["mbAXTisli"],"permList":["select"]}]}
{HIVE_CONFIG,"policyName":"prg1-${HDFS_ENV}-Hive-MR-AXTSMRY-Region-EU-Country-ITA-LI","databases":"${DB_NAME}","tables":"ncvdvvta_AXT_summary_eu_ita_li_vw","columns":"*","description":"AXT Summary Updates LI risk Data for country of ITALY(MBAXTITLI)","permMapList":[{"groupList":["mbAXTitli"],"permList":["select"]}]}
{HIVE_CONFIG,"policyName":"prg1-${HDFS_ENV}-Hive-MR-AXTSMRY-Region-EU-Country-LIE-LI","databases":"${DB_NAME}","tables":"ncvdvvta_AXT_summary_eu_lie_li_vw","columns":"*","description":"AXT Summary Updates LI risk Data for country of LIECHTENSTEIN(MBAXTLILI)","permMapList":[{"groupList":["mbAXTlili"],"permList":["select"]}]}
{HIVE_CONFIG,"policyName":"prg1-${HDFS_ENV}-Hive-MR-AXTSMRY-Region-EU-Country-LTU-LI","databases":"${DB_NAME}","tables":"ncvdvvta_AXT_summary_eu_ltu_li_vw","columns":"*","description":"AXT Summary Updates LI risk Data for country of LITHUANIA(MBAXTLTLI)","permMapList":[{"groupList":["mbAXTltli"],"permList":["select"]}]}
{HIVE_CONFIG,"policyName":"prg1-${HDFS_ENV}-Hive-MR-AXTSMRY-Region-EU-Country-LUX-LI","databases":"${DB_NAME}","tables":"ncvdvvta_AXT_summary_eu_lux_li_vw","columns":"*","description":"AXT Summary Updates LI risk Data for country of LUXEMBOURG(MBAXTLULI)","permMapList":[{"groupList":["mbAXTluli"],"permList":["select"]}]}
{HIVE_CONFIG,"policyName":"prg1-${HDFS_ENV}-Hive-MR-AXTSMRY-Region-EU-Country-LVA-LI","databases":"${DB_NAME}","tables":"ncvdvvta_AXT_summary_eu_lva_li_vw","columns":"*","description":"AXT Summary Updates LI risk Data for country of LATVIA(MBAXTLVLI)","permMapList":[{"groupList":["mbAXTlvli"],"permList":["select"]}]}
{HIVE_CONFIG,"policyName":"prg1-${HDFS_ENV}-Hive-MR-AXTSMRY-Region-NA-Country-MEX-LI","databases":"${DB_NAME}","tables":"ncvdvvta_AXT_summary_na_mex_li_vw","columns":"*","description":"AXT Summary Updates LI risk Data for country of MEXICO(MBAXTMXLI)","permMapList":[{"groupList":["mbAXTmxli"],"permList":["select"]}]}
{HIVE_CONFIG,"policyName":"prg1-${HDFS_ENV}-Hive-MR-AXTSMRY-Region-EU-Country-MLT-LI","databases":"${DB_NAME}","tables":"ncvdvvta_AXT_summary_eu_mlt_li_vw","columns":"*","description":"AXT Summary Updates LI risk Data for country of MALTA(MBAXTMTLI)","permMapList":[{"groupList":["mbAXTmtli"],"permList":["select"]}]}
{HIVE_CONFIG,"policyName":"prg1-${HDFS_ENV}-Hive-MR-AXTSMRY-Region-EU-Country-NLD-LI","databases":"${DB_NAME}","tables":"ncvdvvta_AXT_summary_eu_nld_li_vw","columns":"*","description":"AXT Summary Updates LI risk Data for country of NETHERLANDS(MBAXTNLLI)","permMapList":[{"groupList":["mbAXTnlli"],"permList":["select"]}]}
{HIVE_CONFIG,"policyName":"prg1-${HDFS_ENV}-Hive-MR-AXTSMRY-Region-EU-Country-NOR-LI","databases":"${DB_NAME}","tables":"ncvdvvta_AXT_summary_eu_nor_li_vw","columns":"*","description":"AXT Summary Updates LI risk Data for country of NORWAY(MBAXTNOLI)","permMapList":[{"groupList":["mbAXTnoli"],"permList":["select"]}]}
{HIVE_CONFIG,"policyName":"prg1-${HDFS_ENV}-Hive-MR-AXTSMRY-Region-EU-Country-POL-LI","databases":"${DB_NAME}","tables":"ncvdvvta_AXT_summary_eu_pol_li_vw","columns":"*","description":"AXT Summary Updates LI risk Data for country of POLAND(MBAXTPLLI)","permMapList":[{"groupList":["mbAXTplli"],"permList":["select"]}]}
{HIVE_CONFIG,"policyName":"prg1-${HDFS_ENV}-Hive-MR-AXTSMRY-Region-EU-Country-PRT-LI","databases":"${DB_NAME}","tables":"ncvdvvta_AXT_summary_eu_prt_li_vw","columns":"*","description":"AXT Summary Updates LI risk Data for country of PORTUGAL(MBAXTPTLI)","permMapList":[{"groupList":["mbAXTptli"],"permList":["select"]}]}
{HIVE_CONFIG,"policyName":"prg1-${HDFS_ENV}-Hive-MR-AXTSMRY-Region-EU-Country-ROU-LI","databases":"${DB_NAME}","tables":"ncvdvvta_AXT_summary_eu_rou_li_vw","columns":"*","description":"AXT Summary Updates LI risk Data for country of ROMANIA(MBAXTROLI)","permMapList":[{"groupList":["mbAXTroli"],"permList":["select"]}]}
{HIVE_CONFIG,"policyName":"prg1-${HDFS_ENV}-Hive-MR-AXTSMRY-Region-EU-Country-SVK-LI","databases":"${DB_NAME}","tables":"ncvdvvta_AXT_summary_eu_svk_li_vw","columns":"*","description":"AXT Summary Updates LI risk Data for country of SLOVAKIA(MBAXTSKLI)","permMapList":[{"groupList":["mbAXTskli"],"permList":["select"]}]}
{HIVE_CONFIG,"policyName":"prg1-${HDFS_ENV}-Hive-MR-AXTSMRY-Region-EU-Country-SVN-LI","databases":"${DB_NAME}","tables":"ncvdvvta_AXT_summary_eu_svn_li_vw","columns":"*","description":"AXT Summary Updates LI risk Data for country of SLOVENIA(MBAXTSILI)","permMapList":[{"groupList":["mbAXTsili"],"permList":["select"]}]}
{HIVE_CONFIG,"policyName":"prg1-${HDFS_ENV}-Hive-MR-AXTSMRY-Region-EU-Country-SWE-LI","databases":"${DB_NAME}","tables":"ncvdvvta_AXT_summary_eu_swe_li_vw","columns":"*","description":"AXT Summary Updates LI risk Data for country of SWEDEN(MBAXTSELI)","permMapList":[{"groupList":["mbAXTseli"],"permList":["select"]}]}



--AXT Regional OIC Changes

{HIVE_CONFIG,"policyName":"prg1-${HDFS_ENV}-HIVE-MR-AXTSummary-Region-EU-Country-REG-LI","databases":"${DB_NAME}","tables":"NCVDVVTA_AXT_SUMMARY_EU_REG_LI_VW","columns":"*","description":"dataprogRepository AXTSummary HIVE Access for EU LI","permMapList":[{"groupList":["mbAXTeuli","cvAXTlm"],"permList":["select"]}]}
{HIVE_CONFIG,"policyName":"prg1-${HDFS_ENV}-HIVE-MR-AXTSummary-PSA-Region-EU-Country-REG-LI","databases":"${DB_NAME}","tables":"NCVDVVTA_AXT_SUMMARY_PSA_EU_REG_LI_VW","columns":"*","description":"dataprogRepository AXTSummary_PSA HIVE Access for EU LI","permMapList":[{"groupList":["mbAXTeuli","cvAXTlm"],"permList":["select"]}]}
{HIVE_CONFIG,"policyName":"prg1-${HDFS_ENV}-HIVE-MR-AXTSummary-PSU-Region-EU-Country-REG-LI","databases":"${DB_NAME}","tables":"NCVDVVTA_AXT_SUMMARY_PSU_EU_REG_LI_VW","columns":"*","description":"dataprogRepository AXTSummary_PSU HIVE Access for EU LI","permMapList":[{"groupList":["mbdpueuli","cvAXTlm"],"permList":["select"]}]}

